684.28,416.91,0.42695,0.016437,0.46679,614.51,1058,0.24539,0.084296,0.30595,0.38241,618.77,1368,0.014054,0.20093,0.020641,0.29241,0.026946,0.49986,677.76,0.64092,0.40179,1317.1,629.24,0.29962,0.34019,841.78,903.39,0.10162,0.50701,0.03687,0.0088088,0.026557,0.054191,0.45007,668.77,0.042745,0.069185,0.37929,0.33055,0.036619,0.35743,656.87,682.12,0.51938,0.49678,0.26675,0.2256,0.046084,0.48701,1324.3,0.025934,853.69,0.13045,0.038801,880.01,0.28873,661.67,0.024024,0.24021,1080.1,858.27,0.41983,1420.2,0.030206,0.047882,0.24731,0.27592,1127.8,0.4968,658.36,0.012263,0.035854,355.17,1360.2,0.17303,665.87,0.042623,0.03433,0.017266,0.21759,0.20603,0.21488,1336.1,0.52249,0.47902,0.071034,0.089296,0.049484,0.33408,1093.6,0.18501,0.040077,678.42,0.025861,0.35344,0.023298,0.057468,866.38,1.0552,0.30317,0.27933,0.014334,0.2131,0.018095,0.35659,0.44978,601.88,309.09,0.25174,0.021786,0.43643,0.14352,0.0092932,0.032943,1417.6,0.42487,0.023563,0.1298,0.057535,0.43462,1409.4,0.47843,1120.2,430.2,0.050331,1112.5,676.56,0.41992,0.34883,0.22168,0.30488,0.11954,0.066387,0.26511,0.023624,0.051346,0.30768,0.026262,0.57567,1101.3,660.17,0.0045487,0.041231,596.97,0.055716,422.62,0.13036,282.18,0.24532,1396.4,0.035159,0.51232,0.28852,0.44181,0.20862,0.11524,0.037741,0.058952,0.05147,0.056799,0.057175,1154,0.29566,1382.1,0.49205,1359.6,0.038946,0.048703,0.020318,0.50773,0.45976,383.81,586.86,1357,0.034293,0.35082,0.13802,0.0089417,0.39811,0.038525,0.03483,1354.6,0.22606,1124.4,1113.7,0.38371,0.016171,311.25,0.021554,0.045834,0.055428,0.18403,0.47055,0.043988,857.45,1366,0.035179,0.49061,1109.9,0.25407,0.24685,0.012178,383.65,0.11031,0.020415,0.026594,0.027582,0.36945,0.09463,0.30842,1372.9,0.053666,1302.6,0.38468,1143.5,0.17839,0.46714,614,0.075655,0.0065145,1310.6,0.13703,858.3,0.30682,0.028689,1295,1175.9,0.0392,1151.6,1100.1,0.22887,0.025344,0.062003,1105.7,0.31175,0.35816,0.31281,0.49914,0.48502,841.28,1157.5,0.15109,0.021549,831.84,0.031173,0.31374,0.39312,0.45306,0.066545,1100.8,0.034227,0.51475,0.29201,0.39891,0.015267,0.13173,910.06,832.63,0.39959,0.014668,1352.4,0.23959,0.38117,0.39805,309.19,0.10384,678.86,0.32334,0.43743,1377.5,0.53304,0.38186,0.44568,0.28194,0.41416,0.66803,0.091994
3509.4,8337.8,69.089,2.5815,81.01,6527.7,5062.8,38.021,11.911,44.873,58.228,6224.5,5023.8,1.8813,34.858,2.6738,45.317,3.6518,88.578,3226.7,113.15,70.895,6490.8,5725.8,55.29,60.703,3449.3,6341.1,15.885,93.175,5.2726,1.2466,3.6178,7.9004,77.492,4044,5.8877,10.364,65.286,53.589,5.2004,64.872,3296.8,3953.9,87.485,85.988,45.248,44.16,7.3118,76.867,10766,3.9943,3913.2,19.995,5.4472,5434,55.166,4121,3.4114,37.529,5021.1,3679.4,70.195,7565,4.1067,7.3394,42.259,53.436,5404.3,78.111,4298.7,1.9049,5.0055,9041.8,4536.6,25.444,3979,6.1553,5.1218,2.2957,32.196,35.635,33.93,6681.5,85.025,78.747,10.323,16.394,7.0555,62.793,5006,27.557,5.9597,3287.9,3.7147,57.243,3.0151,8.3756,5567.1,192.82,52.693,50.583,1.98,38.851,2.498,56.256,84.594,6165.6,6247.2,37.404,3.0906,75.684,19.416,1.2688,5.9388,9630.5,69.578,3.3002,20.809,8.5627,70.404,9691,81.956,5457.6,8625.4,6.8719,6016,4123.2,79.407,58.631,35.561,48.261,17.788,9.6908,40.371,3.5493,7.4344,51.723,3.8866,98.015,5907.1,3978.6,0.72754,6.2002,6847.9,8.6551,8704,19.417,6003,47.434,5715.6,4.9825,88.531,52.126,82.366,30.885,16.609,5.531,8.7042,7.8481,8.5921,8.9048,6218.1,45.218,6285.2,77.047,4383.6,5.7894,7.3962,2.8248,88.186,73.828,8866.7,6542.5,7854.5,4.6489,52.716,21.539,1.2929,62.773,5.4132,5.2653,5277.5,33.409,5624,5153,64.037,2.5074,7445.4,3.1263,6.9753,7.7543,34.279,75.285,6.4659,3682.4,5433.6,5.2372,90.636,5439.9,46.973,46.536,1.9137,9003,20.383,2.7402,3.7706,4.1042,64.32,14.209,52.919,6578.7,8.8538,3747.6,69.055,6155.5,28.199,101.59,5735,11.766,0.97162,4104.3,20.53,5054.9,53.22,3.9805,4341.8,6980.1,5.5326,6319.6,4675.9,36.974,3.7797,9.033,5262.6,59.25,57.835,59.31,85.892,80.376,3615.9,6176.8,24.589,3.0501,4199,4.6682,45.524,74.297,80.179,9.8212,5125.3,6.0113,86.309,50.894,69,2.1837,22.159,6033.2,3658.4,74.142,1.9479,8192.9,40.893,60.403,70.945,6737.7,15.887,4177.9,59.429,75.018,7663.3,88.931,66.678,81.262,46.142,73.313,117.91,16.054
59.24,91.312,8.312,1.6067,9.0006,80.794,71.153,6.1661,3.4512,6.6987,7.6307,78.895,70.878,1.3716,5.9041,1.6352,6.7318,1.911,9.4116,56.804,10.637,8.4199,80.565,75.669,7.4357,7.7912,58.731,79.631,3.9855,9.6527,2.2962,1.1165,1.9021,2.8108,8.803,63.593,2.4265,3.2194,8.08,7.3204,2.2804,8.0543,57.418,62.88,9.3533,9.273,6.7267,6.6453,2.704,8.7674,103.76,1.9986,62.555,4.4716,2.3339,73.715,7.4274,64.195,1.847,6.1261,70.86,60.658,8.3783,86.977,2.0265,2.7091,6.5007,7.31,73.514,8.838,65.564,1.3802,2.2373,95.088,67.355,5.0442,63.079,2.481,2.2631,1.5152,5.6742,5.9695,5.825,81.741,9.2209,8.874,3.213,4.0489,2.6562,7.9242,70.753,5.2495,2.4412,57.34,1.9274,7.5659,1.7364,2.8941,74.613,13.886,7.259,7.1121,1.4071,6.233,1.5805,7.5004,9.1975,78.521,79.039,6.1159,1.758,8.6997,4.4063,1.1264,2.437,98.135,8.3414,1.8166,4.5617,2.9262,8.3907,98.443,9.0529,73.876,92.873,2.6214,77.563,64.213,8.911,7.6571,5.9633,6.947,4.2176,3.113,6.3538,1.884,2.7266,7.1919,1.9715,9.9002,76.858,63.076,0.85296,2.49,82.752,2.942,93.295,4.4065,77.479,6.8872,75.602,2.2321,9.4091,7.2199,9.0756,5.5574,4.0754,2.3518,2.9503,2.8014,2.9312,2.9841,78.855,6.7245,79.279,8.7777,66.209,2.4061,2.7196,1.6807,9.3907,8.5923,94.163,80.886,88.625,2.1561,7.2605,4.641,1.1371,7.9229,2.3266,2.2946,72.646,5.78,74.993,71.784,8.0023,1.5835,86.287,1.7681,2.6411,2.7847,5.8548,8.6767,2.5428,60.683,73.713,2.2885,9.5203,73.756,6.8537,6.8217,1.3834,94.884,4.5148,1.6554,1.9418,2.0259,8.02,3.7694,7.2746,81.109,2.9755,61.217,8.3099,78.457,5.3103,10.079,75.73,3.4301,0.98571,64.065,4.531,71.098,7.2952,1.9951,65.893,83.547,2.3522,79.496,68.381,6.0806,1.9441,3.0055,72.544,7.6974,7.6049,7.7013,9.2678,8.9653,60.133,78.593,4.9587,1.7465,64.799,2.1606,6.7471,8.6195,8.9543,3.1339,71.591,2.4518,9.2903,7.134,8.3066,1.4777,4.7073,77.674,60.485,8.6106,1.3957,90.515,6.3948,7.7719,8.4229,82.084,3.9859,64.637,7.709,8.6613,87.54,9.4303,8.1657,9.0146,6.7928,8.5623,10.859,4.0068
694,433,2.2204e-18,2.2204e-18,2.2204e-18,619,1055,2.2204e-18,2.2204e-18,2.2204e-18,2.2204e-18,627,1371,2.2204e-18,2.2204e-18,2.2204e-18,2.2204e-18,2.2204e-18,2.2204e-18,687,2.2204e-18,2.2204e-18,1313,638,2.2204e-18,2.2204e-18,838,911,2.2204e-18,2.2204e-18,2.2204e-18,2.2204e-18,2.2204e-18,2.2204e-18,2.2204e-18,679,2.2204e-18,2.2204e-18,2.2204e-18,2.2204e-18,2.2204e-18,2.2204e-18,664,693,2.2204e-18,2.2204e-18,2.2204e-18,2.2204e-18,2.2204e-18,2.2204e-18,1311,2.2204e-18,849,2.2204e-18,2.2204e-18,882,2.2204e-18,674,2.2204e-18,2.2204e-18,1079,853,2.2204e-18,1417,2.2204e-18,2.2204e-18,2.2204e-18,2.2204e-18,1123,2.2204e-18,670,2.2204e-18,2.2204e-18,363,1364,2.2204e-18,675,2.2204e-18,2.2204e-18,2.2204e-18,2.2204e-18,2.2204e-18,2.2204e-18,1335,2.2204e-18,2.2204e-18,2.2204e-18,2.2204e-18,2.2204e-18,2.2204e-18,1093,2.2204e-18,2.2204e-18,686,2.2204e-18,2.2204e-18,2.2204e-18,2.2204e-18,868,2.2204e-18,2.2204e-18,2.2204e-18,2.2204e-18,2.2204e-18,2.2204e-18,2.2204e-18,2.2204e-18,610,300,2.2204e-18,2.2204e-18,2.2204e-18,2.2204e-18,2.2204e-18,2.2204e-18,1406,2.2204e-18,2.2204e-18,2.2204e-18,2.2204e-18,2.2204e-18,1401,2.2204e-18,1120,450,2.2204e-18,1111,687,2.2204e-18,2.2204e-18,2.2204e-18,2.2204e-18,2.2204e-18,2.2204e-18,2.2204e-18,2.2204e-18,2.2204e-18,2.2204e-18,2.2204e-18,2.2204e-18,1101,670,2.2204e-18,2.2204e-18,601,2.2204e-18,438,2.2204e-18,267,2.2204e-18,1402,2.2204e-18,2.2204e-18,2.2204e-18,2.2204e-18,2.2204e-18,2.2204e-18,2.2204e-18,2.2204e-18,2.2204e-18,2.2204e-18,2.2204e-18,1149,2.2204e-18,1383,2.2204e-18,1363,2.2204e-18,2.2204e-18,2.2204e-18,2.2204e-18,2.2204e-18,395,590,1353,2.2204e-18,2.2204e-18,2.2204e-18,2.2204e-18,2.2204e-18,2.2204e-18,2.2204e-18,1357,2.2204e-18,1125,1114,2.2204e-18,2.2204e-18,311,2.2204e-18,2.2204e-18,2.2204e-18,2.2204e-18,2.2204e-18,2.2204e-18,850,1365,2.2204e-18,2.2204e-18,1110,2.2204e-18,2.2204e-18,2.2204e-18,396,2.2204e-18,2.2204e-18,2.2204e-18,2.2204e-18,2.2204e-18,2.2204e-18,2.2204e-18,1371,2.2204e-18,1304,2.2204e-18,1139,2.2204e-18,2.2204e-18,620,2.2204e-18,2.2204e-18,1310,2.2204e-18,857,2.2204e-18,2.2204e-18,1296,1174,2.2204e-18,1148,1103,2.2204e-18,2.2204e-18,2.2204e-18,1106,2.2204e-18,2.2204e-18,2.2204e-18,2.2204e-18,2.2204e-18,834,1152,2.2204e-18,2.2204e-18,825,2.2204e-18,2.2204e-18,2.2204e-18,2.2204e-18,2.2204e-18,1101,2.2204e-18,2.2204e-18,2.2204e-18,2.2204e-18,2.2204e-18,2.2204e-18,914,828,2.2204e-18,2.2204e-18,1348,2.2204e-18,2.2204e-18,2.2204e-18,305,2.2204e-18,689,2.2204e-18,2.2204e-18,1375,2.2204e-18,2.2204e-18,2.2204e-18,2.2204e-18,2.2204e-18,2.2204e-18,2.2204e-18
-0.42608,-0.49528,19.556,97.962,19.441,-0.116,0.082698,25.257,41.057,21.994,20.044,-0.23292,1.1654,97.868,29.526,79.398,23.087,71.072,18.976,-0.45811,16.762,21.127,4.0325,-0.26472,25.042,23.083,0.1452,-0.21784,39.341,19.284,62.437,127.02,71.812,52.001,19.826,-0.43155,56.982,46.655,21.435,22.251,62.421,22.686,-0.32905,-0.46809,18.235,18.86,25.319,29.667,58.843,18.149,5.1906,77.294,0.18771,34.377,60.341,-0.073635,25.896,-0.48794,77.05,25.61,0.03843,0.20918,20.052,1.3849,67.295,56.868,26.37,26.718,0.12778,17.938,-0.4708,112.82,62.546,-0.18789,0.80891,29.222,-0.37306,58.324,66.127,87.979,26.211,29.105,27.19,9.0023,17.803,18.635,45.38,45.482,53.824,23.915,0.016839,28.457,61.107,-0.34882,74.687,21.5,74.765,50.532,-0.065746,13.274,24.112,25.626,98.401,29.369,87.581,21.093,20.684,-0.24914,0.20198,24.422,80.933,20.064,30.909,121.52,74.139,1.9242,19.735,77.31,35.267,51.009,19.412,3.2192,19.155,0.017186,-0.59478,52.238,0.03441,-0.3988,21.577,22.046,26.97,22.871,35.387,47.047,24.064,79.939,53.264,23.479,75.259,17.349,0.016484,-0.41789,187.75,60.562,-0.10721,53.004,-0.48543,33.9,0.33707,28.483,1.0021,63.67,18.622,25.206,20.803,26.758,35.539,62.489,50.197,54.593,51.741,52.33,0.13249,22.839,2.9792,17.949,0.90177,61.937,56.003,82.924,18.645,18.75,-0.30163,-0.10961,6.3729,63.087,20.746,33.771,127.42,20.029,60.57,66.016,1.5392,25.706,-0.011084,0.00023301,20.982,98.073,0.028429,82.253,57.777,50.405,31.949,18.647,58.035,0.29098,1.7337,65.218,19.627,0.017975,27.108,27.771,113.85,-0.32568,41.06,81.245,73.243,73.707,21.826,39.953,23.793,3.8192,55.573,1.4906,21.851,0.12878,29.853,21.95,-0.18076,45.489,151.58,0.5977,33.152,0.031146,23.967,69.694,3.0713,0.054614,60.209,0.11441,-0.086582,26.713,77.026,48.615,-0.00296,24.871,21.342,24.799,18.736,18.627,0.28243,0.15199,32.934,81.232,0.2459,69.481,21.618,22.222,19.911,47.205,-0.011081,71.846,18.225,24.644,21.005,96.993,35.882,-0.13633,0.2035,21.791,95.403,3.5956,26.866,20.466,21.348,0.08266,38.485,-0.43453,23.991,19.907,6.2519,17.841,21.546,20.413,24.192,20.873,16.524,43.698
2.0865,2.1647,385.87,9617.8,382.54,1.7819,1.7478,642.69,1691.9,487.61,405.27,1.8404,19.039,9604.3,877,6319.1,536.29,5063,364.49,2.1596,285.35,451.49,53.974,1.8582,633.99,538.43,1.9116,1.8759,1554,377.89,3909.4,16168,5171.4,2712.3,399.48,2.0722,3259.9,2183.9,463.87,499.05,3906.7,519.64,1.9781,2.1408,338.08,360.82,645.32,887.6,3473.2,333.68,61.524,5992.2,1.9144,1186.8,3653.2,1.8953,676.49,2.1278,5950.5,660.25,1.7515,1.8828,405.76,14.813,4542.9,3250.5,699.34,721.13,1.7869,325.97,2.1009,12756,3922.4,1.8141,13.087,857.75,2.0248,3410,4386.8,7760.1,692.03,852.47,743.25,207.94,321.25,350.97,2067.4,2076.4,2906.1,578,1.739,813.87,3746.7,2.0622,5591.1,465.97,5607.5,2563.4,1.8684,179.41,586.88,662.31,9705.7,867.68,7690.8,448.01,434.04,1.8478,1.8728,601.11,6569.5,406.85,962.95,14803,5509.7,18.928,393.21,5993.8,1249.6,2610.7,380.55,48.415,372.63,1.769,2.292,2738.1,1.7384,2.0351,473.87,489.81,730.99,526.75,1257.6,2222,583.07,6406.2,2846.8,555.4,5678.9,305.16,1.7898,2.0584,35295,3679.1,1.7905,2820.8,2.1685,1154.1,1.9052,823.51,16.413,4066.3,352.9,641.34,439.42,720.71,1270.4,3916.6,2528.7,2990.4,2685.4,2746.9,1.7884,525.5,46.822,325.83,12.267,3846.9,3146.6,6893.9,352,354.51,1.9288,1.8016,107.02,3993.9,433.24,1146.8,16267,405.21,3680.5,4368.2,23.606,665.85,1.7849,1.7703,444.51,9634.6,1.7639,6783.8,3348.2,2550.1,1026.6,352.93,3381.8,1.9188,22.147,4265.1,390.91,1.7515,740.01,776.57,12990,1.9719,1692.8,6614.8,5381.5,5451.7,480.58,1602.5,572.34,56.009,3096.8,19.458,484.22,1.7855,895.49,490.78,1.8275,2077.3,23015,7.2237,1103.6,1.8946,580.36,4869,56.179,1.7621,3638,1.7885,1.81,718.93,5954.7,2371.6,1.7656,624.5,459.5,620.92,355.74,351.21,1.9001,1.8202,1090,6614.6,1.9244,4840.3,471.4,501.45,400.97,2234.9,1.7697,5177.8,336.91,613.81,446.44,9427.9,1294.2,1.9057,1.9072,481.41,9125.7,39.844,727.86,422.19,461.15,1.7594,1486.6,2.1099,580.76,400.14,111.61,322.6,469.32,422.01,589.36,441.29,278.75,1917.2
1337.4,857.15,862.28,624.2,670.5,0.17813,0.024866,340.36,2083.8,1394.3,1325.3,0.15308,674.53,851.15,1396.7,887.3,834.83,880.98,1329.7,424.11,1098.7,1102.5,0.19129,0.11871,1364.9,1316.3,0.23762,0.019177,1073.4,867.18,596.66,297.24,1138.7,308.19,1327.3,1353.6,295.88,318.58,1100.6,1095.9,1386.9,682.19,0.20684,0.51234,1086.2,1319.3,1377.4,1082.5,1101.3,1121.4,0.099817,610.46,0.30338,851.25,1378.5,0.027151,1111.7,0.24428,1439.6,1370.6,0.046925,0.35412,1079.4,0.04854,602.11,868.59,1398,680.44,0.013673,851.88,0.32907,1155.8,1339.2,1340.1,0.20088,608.17,1329.5,305.12,599.81,858.67,1101.1,659.79,340.73,0.47321,1109.3,872.41,1377.4,1320.1,1362.7,1360.1,0.1402,1087.7,1093,0.58101,302.52,1106.2,1416.1,1335.8,0.031015,2106.4,1102.6,671.23,1114.6,1354.3,1112.5,856.14,437.77,1358,0.019293,1373.4,300.65,1317.3,1370.3,1165.4,867.5,0.028731,1375.3,1521.9,868.09,600.95,1088.6,0.013881,395.86,0.19324,1364.8,1439.7,0.019481,403.7,445.68,1293.1,870.19,1342.3,1363.9,875.72,871.04,870.8,1385.5,1110.8,313.79,1092.1,0.35615,0.29231,612.75,876.47,0.047577,1411.9,0.52947,1374.6,0.030873,846.86,0.2307,1130.3,1347.4,1319.9,873.56,1068.1,1159.6,614.14,1120.1,1356.2,608.45,330,0.060732,1363.8,0.25802,640.47,0.28901,314.79,1110.7,593.94,1326.8,875.52,0.23113,0.024735,0.35251,822.63,1337.5,618.62,1132.8,1357.7,1410.4,1452.4,0.057544,1086.1,0.53809,0.30018,1319.9,875.59,0.11541,1167,605.07,850.01,1106.6,850.36,605.48,0.39151,0.021417,1381.1,1108.1,0.19027,1305,1366.6,1304,0.51198,1086.6,1357.8,595.98,1441.1,863.47,1108.8,1308.5,0.26373,1333.3,0.49603,1295.7,0.050503,620.36,516.55,1101.2,612.54,1477,0.48812,1085.7,0.030651,848.87,1444.2,0.34774,0.12407,1366.6,0.011905,0.34157,864.47,1462.2,1064.1,0.1553,682.5,1077.5,1097.1,674.99,1341.2,0.41997,0.0059716,1370.5,1341.2,0.29358,836.65,624.23,875.06,668.5,1378,0.36453,1298.9,386.21,839.54,1361.7,1402.9,363.29,0.028333,0.19277,1296.8,1115.9,0.025631,850.89,1371.6,1103.5,1096.6,854.17,0.42437,1330.7,1116.9,0.26666,1116.3,665.23,1351.1,1101.9,679.75,1125.7,665.53
5754.3,3740.5,3965,7107.3,4107.3,26.658,3.2486,8268.1,84659,5942.8,5071.8,22.457,3899.5,5081.1,6385,6105,3552.5,5950.2,5360,8775.8,4824,4786.6,32.938,18.514,4979,5006,38.954,2.715,5175.4,3448.6,7160.8,5980.6,6711.2,7226.6,4352.3,7164.8,6421.9,7493.2,5236.1,5556,6614.3,4069.4,37.939,89.497,4701.7,4997.5,5757.1,4219.6,5045.2,5543.7,15.69,6521.1,48.507,4291.8,9082.6,3.7444,4626.2,41.462,7481.1,6169.2,6.7201,60.672,4483,6.6465,7515.5,3931.6,6457,3253.6,1.8142,4036.2,54.753,5465.7,7082,4560.3,33.979,5501.2,5238,6644.5,5985,4990.3,5613,4200.4,8674.5,82.783,5319.4,4315.5,6468,4025.7,6721.2,7449.9,20.845,5243.7,5077,101.31,6658.6,5232,10224,5927.4,4.3291,86943,5000.4,3886.5,5963,5402.8,5567.1,4261,8192.6,5843.1,2.8222,6349.9,6694.6,4914,5460.3,6246.6,4043.6,4.5928,5308.7,9694.9,4492.7,5865.1,4901.6,1.8512,8703.7,34.52,5549.3,8464.3,2.7448,9152.4,8661.7,4969.2,4468.5,4276.7,4833.9,4824.7,4690.1,4868.4,6261,5584.9,6487.7,4777,56.049,51.349,6248.1,5277.4,6.6796,7186.4,94.059,5676.5,4.088,2932.9,33.609,6570.6,4845.6,5302,3522.4,5131.3,6267,7058.5,5829.3,6387.1,6210.6,6939.3,8.4887,4695.7,40.132,5032.4,51.198,6744.7,5307.1,7928.1,4077.9,4342.7,41.023,3.4108,67.589,4585.4,6471.7,6369.3,5394.8,6248.7,6377.5,7490,8.4244,5391.1,93.049,53.75,4709.2,4950.9,16.635,6576.6,6349.9,4718.7,5395,3733,6963.2,70.023,3.0527,6265.8,4718,28.977,3773.6,5279.7,4973.8,87.962,5129.7,5241.5,7192.7,7773.2,3902.7,5242.3,4021.1,50.888,4904.4,81.988,6162.8,8.1272,5278.3,8746.8,5725.3,5606.6,10440,77.896,5241.2,4.4279,3828.4,7544,57.981,18.972,6675,1.7048,61.124,4266.3,8979.9,4535.2,23.829,3536.8,4958.8,4535.2,4153.6,4811,73.787,0.90789,10543,5764.7,47.161,4356.2,5670.4,3642.1,3826.3,6657.5,56.821,4177.1,9103.4,3477.8,6420.8,8212.5,7916.1,4.0939,32.15,3878,5356.9,3.3426,3566.3,5271.3,4967.6,5394.8,4080.3,74.669,5324.5,5390.8,48.693,5359.6,3956.4,5539,5238.2,3659.4,5395.2,4176.6
75.857,61.159,62.968,84.305,64.088,5.1631,1.8024,90.929,290.96,77.09,71.217,4.7389,62.446,71.282,79.906,78.135,59.603,77.137,73.212,93.679,69.455,69.185,5.7392,4.3028,70.562,70.753,6.2413,1.6477,71.94,58.725,84.622,77.334,81.922,85.009,65.972,84.645,80.137,86.563,72.361,74.539,81.329,63.792,6.1594,9.4603,68.569,70.693,75.876,64.959,71.029,74.456,3.9611,80.753,6.9647,65.512,95.303,1.935,68.016,6.4391,86.494,78.544,2.5923,7.7892,66.955,2.5781,86.692,62.703,80.355,57.04,1.3469,63.531,7.3995,73.93,84.155,67.53,5.8292,74.17,72.374,81.514,77.363,70.642,74.92,64.811,93.137,9.0985,72.934,65.693,80.424,63.449,81.983,86.313,4.5656,72.413,71.253,10.065,81.6,72.333,101.12,76.99,2.0806,294.86,70.714,62.342,77.22,73.504,74.613,65.277,90.513,76.44,1.6799,79.686,81.821,70.1,73.894,79.035,63.589,2.1431,72.861,98.463,67.027,76.584,70.012,1.3606,93.294,5.8754,74.494,92.002,1.6567,95.668,93.068,70.492,66.847,65.396,69.526,69.46,68.484,69.774,79.126,74.732,80.547,69.116,7.4866,7.1658,79.045,72.645,2.5845,84.773,9.6984,75.343,2.0219,54.157,5.7973,81.059,69.611,72.815,59.35,71.633,79.164,84.015,76.35,79.92,78.807,83.303,2.9135,68.525,6.335,70.939,7.1553,82.126,72.85,89.04,63.858,65.899,6.4049,1.8468,8.2213,67.716,80.447,79.808,73.449,79.048,79.859,86.545,2.9025,73.424,9.6462,7.3314,68.623,70.362,4.0786,81.096,79.686,68.693,73.451,61.098,83.446,8.368,1.7472,79.157,68.688,5.383,61.43,72.661,70.525,9.3788,71.622,72.398,84.81,88.166,62.472,72.403,63.412,7.1336,70.032,9.0547,78.503,2.8508,72.652,93.524,75.666,74.877,102.18,8.8259,72.396,2.1043,61.874,86.856,7.6145,4.3557,81.701,1.3057,7.8182,65.317,94.762,67.344,4.8815,59.471,70.419,67.344,64.448,69.362,8.5899,0.95283,102.68,75.926,6.8674,66.001,75.302,60.35,61.857,81.594,7.538,64.63,95.412,58.973,80.13,90.623,88.972,2.0233,5.6701,62.274,73.191,1.8283,59.719,72.603,70.481,73.45,63.877,8.6411,72.969,73.422,6.978,73.209,62.9,74.424,72.376,60.493,73.452,64.627
1336,849,858,626,681,2.2204e-18,2.2204e-18,346,2015,1397,1328,2.2204e-18,684,854,1397,890,836,886,1329,444,1100,1104,2.2204e-18,2.2204e-18,1366,1317,2.2204e-18,2.2204e-18,1074,860,596,284,1133,305,1328,1352,284,316,1101,1096,1386,693,2.2204e-18,2.2204e-18,1087,1320,1380,1083,1098,1123,2.2204e-18,611,2.2204e-18,848,1374,2.2204e-18,1113,2.2204e-18,1440,1371,2.2204e-18,2.2204e-18,1081,2.2204e-18,606,874,1398,687,2.2204e-18,846,2.2204e-18,1152,1334,1342,2.2204e-18,617,1326,303,603,863,1100,670,347,2.2204e-18,1110,864,1377,1319,1362,1359,2.2204e-18,1088,1092,2.2204e-18,296,1108,1412,1333,2.2204e-18,2056,1103,682,1113,1354,1108,852,455,1361,2.2204e-18,1375,293,1318,1371,1161,863,2.2204e-18,1377,1520,864,605,1088,2.2204e-18,410,2.2204e-18,1364,1438,2.2204e-18,420,465,1292,868,1346,1365,879,870,874,1385,1113,309,1092,2.2204e-18,2.2204e-18,615,879,2.2204e-18,1412,2.2204e-18,1377,2.2204e-18,841,2.2204e-18,1126,1346,1316,866,1069,1156,617,1119,1352,613,333,2.2204e-18,1368,2.2204e-18,651,2.2204e-18,307,1105,592,1328,871,2.2204e-18,2.2204e-18,2.2204e-18,825,1338,620,1131,1358,1410,1452,2.2204e-18,1084,2.2204e-18,2.2204e-18,1323,877,2.2204e-18,1162,607,852,1104,844,605,2.2204e-18,2.2204e-18,1379,1110,2.2204e-18,1305,1367,1301,2.2204e-18,1088,1362,595,1434,856,1104,1310,2.2204e-18,1334,2.2204e-18,1292,2.2204e-18,628,540,1099,617,1467,2.2204e-18,1085,2.2204e-18,841,1443,2.2204e-18,2.2204e-18,1364,2.2204e-18,2.2204e-18,862,1463,1062,2.2204e-18,691,1078,1098,685,1344,2.2204e-18,2.2204e-18,1363,1338,2.2204e-18,835,636,866,679,1374,2.2204e-18,1298,396,833,1361,1396,373,2.2204e-18,2.2204e-18,1296,1113,2.2204e-18,845,1375,1103,1094,853,2.2204e-18,1331,1118,2.2204e-18,1118,675,1351,1103,690,1126,677
2.3961,0.31615,0.17415,-0.035982,-0.42158,29.095,72.692,-0.13366,1.0196,1.2315,3.5368,31.078,-0.40324,-0.1141,1.4364,-0.10234,-0.06485,-0.1459,4.0699,-0.56574,-0.026517,-0.054016,30.249,36.363,1.9178,2.4346,26.451,86.158,-0.012213,0.30502,0.019324,0.31429,0.1507,0.062259,2.1317,5.9213,0.2517,0.037203,-0.021274,-0.011786,0.84024,-0.42762,30.174,18.644,-0.0095088,3.8458,1.4715,-0.0089372,0.098133,-0.030712,39.838,-0.0089587,23.076,0.13785,5.1283,71.447,-0.022097,26.53,1.6748,2.6433,55.419,22.122,-0.055502,53.262,-0.10446,-0.22742,2.9777,-0.31885,98.841,0.23934,22.625,0.10371,2.6524,1.5981,29.125,-0.2917,2.1727,0.057346,-0.10943,-0.15706,0.025264,-0.42033,-0.13044,19.48,-0.026202,0.31543,1.3312,0.61456,2.0954,6.625,32.736,0.0066691,0.041098,17.749,0.13545,-0.045765,4.2414,2.0374,67.233,0.80286,-0.0043399,-0.42883,0.051165,1.3942,0.13046,0.15092,-0.59365,3.355,87.323,4.131,0.1586,4.4033,1.2496,0.12212,0.17158,74.793,1.8099,2.0514,0.15209,-0.13974,0.021025,98.341,-0.39836,30.529,3.4597,1.8519,85.235,-0.42981,-0.59883,3.0727,0.057146,0.11839,0.48359,-0.13698,0.00996,-0.1033,0.66508,-0.048646,0.11024,0.0044736,21.149,24.644,-0.060248,-0.10362,54.446,2.2739,18.6,1.5009,65.712,0.27074,25.248,0.1128,1.968,3.7602,0.31313,-0.015271,0.11967,-0.086189,0.04194,1.2854,-0.12655,-0.088821,48.138,0.33474,24.667,-0.33842,24.911,0.17883,0.17712,0.040745,0.72622,0.19269,27.808,74.836,23.58,-0.10455,5.2843,-0.037888,0.053417,3.9532,1.8228,1.1836,50.563,0.060212,18.105,24.62,2.6991,-0.040852,35.478,0.12669,-0.065227,-0.062089,0.069114,0.2405,-0.0056609,21.525,81.813,1.6495,-0.062522,28.365,1.1735,1.8667,1.1097,18.42,-0.028392,1.2764,0.014136,1.083,0.282,0.13785,0.63592,27.149,1.7363,18.454,6.4637,56.612,-0.25075,-0.81482,0.070328,-0.15005,0.8723,18.228,0.016811,68.809,0.30151,1.2657,22.031,35.282,2.6086,109.9,23.06,0.087123,2.6255,0.089241,31.566,-0.39547,0.0019731,-0.035187,-0.42612,2.5837,20.57,159.88,5.7956,1.1695,23.52,0.055888,-0.35046,0.35914,-0.45509,0.99629,20.771,1.0593,-0.28546,0.27492,4.5025,1.9346,-0.26685,71.579,29.529,2.8931,0.075871,71.543,0.24172,1.5312,0.026006,0.075466,0.068422,20.509,4.3788,-0.02534,26.309,-0.036886,-0.41601,4.1588,-0.029394,-0.47092,-0.005011,-0.4882
28.55,1.9159,1.8926,1.7806,2.0663,851.3,5299.7,1.8105,3.7093,17.44,61.993,971.1,2.0585,1.8918,21.356,1.904,1.8625,1.9004,62.231,2.2098,1.8085,1.7809,923.42,1328,33.069,36.826,705.79,7443.7,1.7458,1.8943,1.8063,1.9003,1.7876,1.7496,35.753,105.35,1.8704,1.766,1.7632,1.7505,8.3586,2.0743,922.53,352.44,1.8073,54.816,22.145,1.7648,1.7627,1.7625,1594.5,1.8022,536.88,1.8829,72.706,5118,1.775,709.79,27.019,40.574,3081.9,493.82,1.7742,2846,1.7946,1.9516,51.666,2.0441,9801.2,1.9222,516.58,1.8112,44.836,29.776,853,1.8862,29.094,1.7531,1.8124,1.9234,1.7467,2.0776,1.779,385.69,1.7765,1.9613,15.782,6.681,23.219,114.52,1078.5,1.7607,1.7588,323.41,1.7717,1.7521,45.32,25.603,4531.5,3.1616,1.7591,2.0525,1.7589,17.165,1.788,1.8868,2.3432,55.315,7646.8,64.766,1.7128,74.725,15.297,1.7765,1.8816,5609.7,26.311,22.651,1.9213,1.8048,1.7705,9701.5,2.0301,937.36,52.181,19.995,7281.7,2.0372,2.3111,42.365,1.8708,3.7186,6.0967,1.8975,1.91,1.8897,9.2664,1.7641,1.7957,1.773,451.59,612.13,1.7891,1.8831,2972.6,27.885,352.42,19.126,4333.2,1.9065,642.04,1.766,35.548,58.485,1.8948,1.7468,1.8042,1.8013,1.7782,11.136,1.8001,1.8157,2326.3,8.0835,612.9,1.934,625.83,1.8718,1.7915,1.7831,12.457,1.901,777.6,5614.3,563.09,1.8705,84.892,1.789,1.7578,64.614,23.912,15.962,2564.3,1.7589,332.53,612.33,42.921,1.8475,1265,1.7848,1.7887,1.856,1.8278,1.9069,1.7913,468.09,6713,18.812,1.7762,808.37,16.829,26.836,11.457,342.85,1.7582,17.115,1.8111,9.1988,1.9331,1.803,8.5367,741.5,27.231,345.68,106.06,3215.2,1.8426,2.7473,1.7511,1.8251,6.3518,336.54,1.7678,4746.5,1.9242,20.395,489.94,1252.2,29.916,12102,537.2,1.8879,27.734,1.7684,1002,2.0763,1.753,1.7697,2.0869,46.225,427.16,25612,79.25,11.528,557.74,1.8796,1.9161,1.9513,2.0845,11.706,435.07,13.178,1.9379,1.9072,76.684,20.986,1.9002,5136.5,876.98,51.718,1.7689,5134.2,1.9278,21.25,1.7796,1.7575,1.9082,425.2,73.185,1.7939,697.39,1.7935,2.0345,69.293,1.7618,2.1777,1.7802,2.1647
0.32679,673.26,654.45,1422.4,1106.9,1431.3,574.45,1113.3,1368.6,853.57,630.19,1155.1,0.48413,1093.4,853.3,1154.8,1039.6,1413.7,403.72,1308.2,1338.4,860.43,1082.8,1343.1,861.06,834.61,1067.2,1445.4,1314.6,690.9,303.58,1421.9,289.58,1333.9,867.03,0.36439,895.5,1372.3,668.22,640.13,300.44,1102.3,1056.8,1364.6,674.23,675.14,859.42,683.97,1354.6,1371,609.47,1403.7,351.75,328.72,858.87,1429.6,876.38,376.49,597.17,864.6,844.56,382.3,652.82,595.68,1159.8,618.96,371.75,439.42,599.92,1350.7,371.22,613.23,868.79,0.42239,366.81,1088.2,0.13698,587.14,1092.1,584.11,324.91,1101.9,1117.3,408.51,1356.5,669.61,857.38,656.88,596.72,693.3,621.48,621.98,603.66,431.69,592.1,356.01,870.66,1088.6,1123.9,1009.6,666.47,1081.5,290.47,396.51,873.45,344.42,1330.9,0.063786,1125.8,325.98,1365.6,392.44,298.25,611.92,380.68,883.65,666.62,1203.7,1394.7,1367.8,853.24,282.86,668.82,1373.8,0.6901,893.23,296.26,0.70526,872.06,371.17,1376.2,850.12,604.22,1109,1119.5,1111.2,602.57,1361,1420.3,1329.5,351.07,1082.4,1358.3,1125.1,865.09,332.32,1346.2,609.58,866.63,680.98,621.88,1419.5,679.69,669.8,1335.3,824.36,902.24,1422.4,585.32,867.91,320.39,1328.9,1441.8,638.66,340.31,351.55,857.69,1449.5,323.1,1191.8,1089,1393.7,668.5,1363.9,870.97,1052.6,326.95,889.04,1387.6,628.17,1139.7,888.89,848.51,1341.9,1383.2,402.5,650.36,1379.4,1395.8,306.72,1410.7,1086,671.87,366.58,1151,1345.5,865.99,596.01,427.54,1363.7,1089.3,1121.4,331.83,1372,840.96,842.94,1423.6,915.8,385.78,876.64,836.47,869.74,348.18,382.68,857.42,1428,1338.7,1020.8,0.10043,1305.3,912.63,1085.6,321.44,1386.2,390.85,293.25,839.45,615.28,300.82,600.91,404.61,1107.8,606.91,1303.7,1352.8,1115.9,840.16,863.27,865.33,851.36,1305.4,903.74,1116,855.76,626.09,1329,1336.2,697.36,1100.4,874.2,648.54,836.54,1113.7,393.42,393.19,301.36,1322.8,1172.2,1302.7,689.68,280.19,577.8,1089,857.65,865.82,856.91,1338,1111.2,410.52,1370.8,677.22,1367.6,1269.1,1115.3,358.36,1090.5,424.03,375.48
61.854,3619.3,5181.8,10305,5068.1,8213.3,6223,5730,9969.9,4815.8,4979.6,8030.7,86.676,5737,4289.3,6508.1,3782.5,10310,8339.8,6537.2,5564.7,3803.7,4715.3,5188.3,3971.6,3434.6,4438.5,15545,3934.5,3388,6451.6,8282.4,6314.2,7109.3,3518.7,63.632,5936.5,5990.9,4095,4768.4,6818.3,4660,4095.5,4621.5,3606.9,3886.7,4073.7,3350.3,7316.6,5533.3,5389.7,8337.3,8908.4,8366.5,5352.8,8708.9,3545,9268.9,7289.8,4348.7,4581.2,9024,4257.3,7091.3,7181.2,6088.3,8795.9,8054.3,7782.7,5719.5,9088.4,7043.3,4523.7,66.676,8695.7,5811.2,25.313,6866.6,5157.8,7136.5,8098.8,5288.5,5807.1,8519.8,4526.4,5047.6,4600.1,4186.8,6384.5,3784.7,5944.4,5641.5,6051.2,8170.2,5954.3,8480.5,5628,5065.5,6263.9,7408.6,4463.7,4526.1,5951.7,9262.9,5424.6,8366.4,4522.3,8.8789,5464.1,8290.6,7209.9,8642.9,7242.9,8182.8,7718.6,5634,4765.1,7306.4,5806.8,8159.4,3740.4,5720.2,4057.3,4962.6,128.35,5887.2,6659.6,122.9,3472,7492.2,7482.2,4143.8,6082.5,5005.1,5721.8,5419.1,6446.6,4529.7,8994.3,4784,8692.5,4792.7,6796.1,6076.4,5327.3,6982.4,4866.4,5974.1,5450.4,2942.8,6107.1,7233.8,3986,4254.3,4513.4,3940.7,6110.1,8436.5,6306.1,4880.1,7109.5,5848.2,9215.6,5428.1,8609.6,8737.3,3862.6,8227.3,7201,7964.6,4971,6733.7,4428.4,7473.6,3601.4,5062.5,9453.7,5090.8,7155.3,5411.8,6091.9,5456.3,4798.1,6390,5811.8,8299.6,4046.6,6459.4,6073.7,6425,7170.5,4965.5,3961.1,9014.7,6364.7,6372.2,5169.4,6467.8,8611,5896.7,4286.4,5217.3,5944.7,5451.1,3703.7,4890.2,6690.3,5680.4,8999.5,4440.2,3608.4,3977,7545.9,8768.7,3288.9,6812.7,5023.7,6977.6,15.426,4917,6434.9,4430.5,8309.3,6958.8,8447,6345.8,3394.6,6800,6352.5,7391.5,8435.2,5286.8,6992.5,6871.4,5538.3,5222.2,3682.9,3472,3910.6,3778.4,5356.6,6143.1,4959.9,4938.2,4744.1,6204.8,4604.6,3454.2,5278,5171.9,5125.2,3779.2,4956.4,8569.2,8674.4,6341.2,5601.2,6555.2,5095.3,3391.7,5821.7,6590.3,4940.9,4129.5,3546.2,4840.3,8413.6,4906.9,9042.8,6600.9,4234.7,5762.2,3422.7,4897.5,8446.5,4496.4,9011.6,8776.5
7.8647,60.161,71.985,101.52,71.191,90.627,78.886,75.696,99.849,69.396,70.567,89.614,9.31,75.743,65.493,80.673,61.502,101.54,91.322,80.853,74.597,61.674,68.668,72.03,63.021,58.606,66.622,124.68,62.726,58.206,80.322,91.008,79.462,84.317,59.318,7.9769,77.049,77.401,63.992,69.054,82.573,68.264,63.996,67.982,60.058,62.343,63.826,57.882,85.537,74.386,73.414,91.309,94.384,91.469,73.163,93.322,59.54,96.275,85.38,65.944,67.684,94.995,65.248,84.21,84.742,78.027,93.786,89.746,88.219,75.627,95.333,83.924,67.259,8.1656,93.25,76.231,5.0312,82.865,71.818,84.478,89.993,72.722,76.204,92.303,67.279,71.046,67.824,64.706,79.903,61.52,77.1,75.11,77.789,90.389,77.164,92.09,75.02,71.173,79.145,86.073,66.811,67.276,77.147,96.244,73.652,91.468,67.248,2.9798,73.919,91.053,84.911,92.967,85.105,90.459,87.856,75.06,69.03,85.478,76.202,90.33,61.159,75.632,63.697,70.445,11.329,76.728,81.606,11.086,58.924,86.557,86.5,64.373,77.991,70.747,75.643,73.614,80.291,67.303,94.838,69.166,93.233,69.229,82.439,77.951,72.988,83.561,69.759,77.292,73.827,54.248,78.148,85.052,63.135,65.225,67.182,62.775,78.167,91.851,79.411,69.858,84.318,76.474,95.998,73.675,92.788,93.474,62.15,90.705,84.859,89.244,70.505,82.059,66.546,86.45,60.012,71.151,97.23,71.35,84.589,73.565,78.051,73.867,69.268,79.937,76.235,91.102,63.613,80.37,77.934,80.156,84.679,70.467,62.937,94.946,79.779,79.826,71.898,80.423,92.795,76.79,65.471,72.231,77.102,73.832,60.858,69.93,81.794,75.369,94.866,66.635,60.07,63.064,86.867,93.641,57.349,82.539,70.878,83.532,3.9276,70.122,80.218,66.562,91.155,83.42,91.908,79.661,58.263,82.462,79.703,85.974,91.843,72.71,83.621,82.894,74.42,72.265,60.687,58.923,62.534,61.468,73.189,78.378,70.427,70.272,68.878,78.771,67.857,58.773,72.65,71.916,71.59,61.476,70.401,92.57,93.136,79.632,74.841,80.964,71.382,58.238,76.3,81.181,70.292,64.261,59.55,69.572,91.726,70.049,95.094,81.246,65.075,75.909,58.504,69.982,91.905,67.055,94.93,93.683
2.2204e-18,681,666,1413,1109,1431,579,1113,1379,849,641,1153,2.2204e-18,1089,845,1153,1037,1410,418,1306,1338,854,1084,1343,852,826,1068,1432,1317,699,296,1419,279,1331,861,2.2204e-18,897,1372,679,651,289,1103,1059,1367,685,685,853,692,1350,1373,614,1399,360,331,860,1429,869,389,598,863,845,395,663,598,1156,624,382,458,603,1351,383,611,874,2.2204e-18,376,1087,2.2204e-18,586,1091,588,327,1103,1118,423,1360,682,856,665,601,703,629,632,608,449,597,366,873,1087,1121,1003,677,1082,281,412,880,351,1331,2.2204e-18,1121,331,1365,406,297,615,387,886,679,1197,1397,1365,849,264,679,1376,2.2204e-18,898,285,2.2204e-18,865,384,1375,845,609,1107,1117,1109,607,1364,1413,1333,360,1084,1355,1120,866,333,1347,616,870,688,631,1419,690,678,1335,820,908,1418,584,872,320,1326,1438,650,348,361,850,1440,322,1187,1090,1393,679,1359,862,1049,333,894,1382,634,1137,888,849,1341,1385,416,661,1375,1398,296,1408,1085,681,378,1147,1345,869,596,445,1366,1091,1123,329,1374,833,844,1423,921,399,878,830,861,353,396,851,1427,1339,1018,2.2204e-18,1304,919,1086,324,1385,405,285,834,615,294,602,419,1107,607,1297,1352,1118,836,856,858,845,1303,910,1112,859,635,1327,1339,706,1103,878,660,832,1115,409,407,291,1320,1168,1303,699,263,582,1090,851,859,860,1331,1112,427,1371,686,1371,1270,1116,369,1092,443,384
24.268,-0.35435,-0.38402,4.0506,-0.057025,3.1311,-0.15415,0.012753,-0.055377,0.15708,-0.37794,0.058667,19.386,0.13414,0.32101,0.047862,0.074033,6.8731,-0.45375,6.3346,4.7368,0.24285,-0.02469,2.5399,0.336,0.35353,-0.0075422,4.2222,0.16134,-0.41447,0.16401,2.0168,0.233,5.0286,0.25785,22.07,-0.07266,1.2333,-0.46909,-0.36609,0.21282,-0.012746,-0.085322,1.7101,-0.51512,-0.43052,0.2588,-0.36655,3.2307,2.9271,-0.15195,3.4861,-0.183,-0.042023,-0.053178,2.5347,0.29642,-0.29153,-0.017755,0.061241,-0.033325,-0.32131,-0.41025,-0.075105,0.10312,-0.14859,-0.27105,-0.63287,-0.088705,2.9839,-0.27935,0.057507,-0.19008,19.454,-0.2226,0.063229,36.877,0.039588,0.034681,-0.096027,-0.055899,-0.030096,-0.0075648,-0.44321,0.62198,-0.42178,0.036836,-0.32746,-0.13696,-0.42007,-0.23774,-0.3255,-0.12946,-0.57756,-0.16404,-0.24128,-0.10268,0.062782,0.089824,0.14828,-0.37885,-0.0021242,0.22463,-0.36944,-0.23588,-0.17427,1.7009,46.896,0.15628,-0.091245,2.1539,-0.38823,0.055465,-0.078036,-0.18526,-0.071502,-0.45338,0.18901,0.70532,3.9089,0.17492,0.4758,-0.41377,0.37511,16.55,-0.16985,0.23538,15.865,0.3015,-0.41799,4.1537,0.18198,-0.14914,0.066954,0.058803,0.059472,-0.12161,0.35484,2.2214,2.743,-0.21486,-0.03027,2.9075,0.13847,-0.0284,-0.020492,2.7415,-0.18521,-0.12819,-0.35471,-0.26385,1.5214,-0.43399,-0.31139,2.5383,0.18129,-0.16284,2.7603,0.042712,-0.14002,-0.00011703,1.5141,2.9908,-0.37139,-0.14628,-0.22485,0.29263,0.70393,0.018373,0.12422,-0.021302,3.8324,-0.40752,3.1703,0.35385,0.10233,-0.080326,-0.16149,2.2777,-0.19007,0.074162,0.035594,-0.022244,2.9467,3.0599,-0.40483,-0.43207,0.95058,1.6073,0.21891,1.2306,0.036668,-0.39153,-0.27523,0.10663,4.4901,-0.097073,-0.019284,-0.52844,3.2565,-0.068406,-0.047032,0.043167,3.1828,0.30958,-0.027286,1.5305,-0.18837,-0.3352,-0.076579,0.26192,0.32209,-0.1216,-0.35249,0.27836,0.42797,1.5639,0.068243,39.225,1.6809,-0.17609,-0.01351,-0.043707,2.3317,-0.38713,0.17986,0.22579,0.013815,0.13929,-0.018217,-0.42608,0.028899,-0.0019745,3.2542,1.8083,-0.051033,0.18869,0.29037,0.30711,0.25902,3.6804,-0.17118,0.1241,-0.12624,-0.2948,2.4933,1.0696,-0.39851,-0.060605,-0.15271,-0.42075,0.18196,-0.027647,-0.42514,-0.38752,0.21156,2.3421,0.11352,3.0179,-0.43789,0.39857,-0.12255,-0.016253,0.27805,0.27699,-0.098156,4.0629,-0.018798,-0.43857,4.1981,-0.36306,3.8605,1.4743,-0.036242,-0.26446,-0.043797,-0.52974,-0.21137
595.11,2.0386,1.9629,53.077,1.7732,47.132,1.825,1.7528,2.3853,1.9157,1.9818,1.7569,380.37,1.7764,1.9537,1.7496,1.7839,122.72,2.1299,118.35,98.26,1.9005,1.7752,35.022,1.9344,1.9821,1.7486,33.13,3.2335,2.1446,1.8268,22.471,1.7709,85.718,1.8871,492.43,1.9619,15.477,2.1292,1.9591,1.8116,1.7698,1.7499,28.989,2.2461,2.1089,1.9287,2.051,43.458,50.804,1.8114,40.715,1.7934,1.745,1.8582,26.128,1.8999,1.8485,1.7867,1.9064,1.8477,1.9168,2.0703,1.8151,1.7757,1.8035,1.9037,2.3847,1.7968,46.728,1.8679,1.8125,1.909,382.5,1.8596,1.831,1366.7,1.7953,1.7532,1.7782,1.7638,1.7671,1.7779,2.1038,8.9155,2.0182,1.914,1.9669,1.8116,2.0896,1.843,1.9033,1.8098,2.3113,1.8168,1.8605,1.9207,1.7561,1.7581,1.7622,1.9876,1.776,1.8248,1.9454,1.9453,1.8496,24.08,2208.7,1.7969,1.7466,29.748,2.0128,1.7235,1.7886,1.8756,1.8405,2.1008,1.8124,10.971,49.724,1.8899,2.0736,2.0561,4.9604,277.78,1.9261,1.813,255.65,1.9045,2.0757,54.441,1.8761,1.7869,1.7572,1.7444,1.7454,1.8042,7.0586,21.758,47.378,1.8085,1.7609,37.1,1.7839,1.8964,1.8058,38.817,1.8175,1.9148,2.0207,1.8476,18.934,2.0838,1.9529,38.294,1.9184,1.8689,39.636,1.7898,1.8939,1.7821,14.523,36.909,1.9525,1.7676,1.8295,1.9258,4.289,1.761,1.7808,1.7568,64.651,2.0467,40.72,1.9478,1.7628,1.6958,1.8782,23.51,1.8268,1.744,1.8877,1.8528,41.608,49.921,2.0747,2.0903,8.9484,20.706,1.8244,13.6,1.7569,2.0331,1.8752,1.7745,68.08,1.888,1.7939,2.2134,46.81,1.7689,1.7775,1.87,50.623,1.9329,1.895,20.277,1.931,1.9445,1.8998,1.9135,1.9201,1.8035,1.9454,1.8995,4.0544,21.419,1.7581,1544.7,23.283,1.8439,1.7582,1.7276,24.748,2.0127,1.7866,1.9023,1.7795,1.7995,1.7875,2.0724,1.7596,1.7883,41.409,22.121,1.7809,1.915,1.9123,1.9334,1.9065,56.569,1.8488,1.7855,1.8553,1.8723,33.335,16.473,2.0967,1.766,1.8742,2.0406,1.8826,1.7915,2.0211,2.0276,1.8194,36.438,1.7785,39.941,2.1372,1.957,1.8258,1.7522,1.9361,1.9221,1.8902,45.574,1.7821,2.0481,62.561,2.017,61.653,22.373,1.7822,1.8621,1.7746,2.1666,1.8349
1093.8,0.32758,1350.2,1149.5,1343.4,1146.3,826.19,1371,663.72,620.36,837.66,1468.5,861.14,283.43,654.24,590.73,336.33,585.31,666.6,0.39457,855.36,400.35,662.32,1099.3,674.81,402.63,642.28,1158.4,335.43,431.81,1150.6,879.35,877.73,602.65,402.98,395.03,1473.4,615.61,853.31,355.91,874.92,1334.1,832.97,402.34,1325.6,400.96,1114.4,1303.3,622.97,662.08,1083.5,327.6,1340.1,1345.5,591.38,290.11,426.99,842.89,1146.7,340.55,1324.2,1319.3,371.82,291.31,885.83,332.83,867.9,1101,1394.2,650.09,1078.5,910.97,605.56,1100.6,860.69,314.51,1098.5,1424.1,1337.9,1352.5,1357.7,1346.8,1377,673.93,660.89,1139.9,309.97,391.92,855.22,874.75,324.54,842.29,1339.2,1300.6,1335.2,856.09,585.76,313.37,1402.5,1318.7,863.2,850.92,1383.1,675.63,291.17,637.93,1099.2,1099.5,1396.6,622.66,850.41,853.91,589.9,288.58,1112.2,339.25,1122.8,296.6,1126.1,1103,360.78,595.23,1091.5,687.21,682.62,1150.1,1379.2,1343.5,1106.4,839.31,1114.1,1097.5,318.22,313.45,333.28,1365.8,1112.5,370.69,893.69,390.78,1370.4,388.53,875.84,1408.7,1396.7,616.65,1108,1109.6,1117.9,1282.9,856.74,590.77,406.31,1100.2,696.6,323.29,312.27,310.65,1386.4,1102.6,1102.8,1083.5,299.58,853.13,854.04,1326.4,391.76,1173.2,881.41,904.24,662.53,662.43,863.55,1100.8,1115.1,288.61,849.05,1124.9,610.9,858.24,299.13,318.84,310.82,615.74,398.44,868.42,837.39,621.02,1122.9,1459.1,322.88,299.39,1370,1326.7,314.93,1100.1,596.2,1116.1,684.6,326.9,858.72,678.29,1069.7,670.46,1327,585.55,1146.5,317.48,668.61,320.36,1075.3,680.32,628.19,850.19,415.96,342.55,341.17,747.87,853.92,332.29,1171,363.82,841.87,603.79,1356.4,877.41,1068.3,899.07,1102.3,301.4,667.74,1358.2,894.05,845.15,332.28,427.3,1317.7,682.89,1361.3,1094.3,392.84,319.73,637.18,299.69,1353.5,316.07,1088.2,440.68,1340.6,601.55,855.5,1073,868.48,1074.4,856.05,1131.3,1083.6,612.01,1069,862.36,1372.8,1090,1326.3,1116.3,1348,0.030663,326.86,1349.4,679.52,665.68,1125.9,382.94,846.85,871.09,637.84,856.48,872.42,1096.6
4852.8,59.736,5842.9,5556.3,4693.1,6671.8,4484,6389.2,9920.9,5896.1,3969.9,7503.3,3899,5561.8,4535.6,7982.6,8351.1,7479.6,4064.6,73.667,3684.7,8515.4,4210.2,5154.2,3798.1,8244,4757,6362.9,7730.3,8894,6398.5,5670.2,6097.3,5951.3,9211.7,8799.2,8487.4,5997.8,3751.1,8742,5019.3,4169.1,3191.7,9128.3,4678.2,9115,5789.6,5036.8,6060.9,4992.7,5004.6,6464.8,5131.3,6998.8,6631.7,6915.9,9138.6,3468.5,6533.1,8212.4,8121.7,3797.4,8522.4,6913.2,5934.8,6364.3,4518.7,4737.5,7684.9,4793.2,4836,6082.8,6976.8,4992.8,4054.6,8442.1,4948.4,6692.9,7997.7,5543.4,6809.5,4823.2,6341.6,4040.5,4561.5,6110.5,7493.5,7766.1,4738.5,3584.1,7592.4,4130.8,9277,3277.9,4994.4,4253.8,7381.6,6949,7261.4,6073.2,3756.8,3366.1,6492.4,4004.3,6115.4,5378.2,4621.3,5616.4,7799.5,5940.4,4734.5,3734.2,6483.5,5738.5,5373.8,5948.2,5606.6,5506.3,6052.6,5905.6,9195.5,7264.7,4677.1,4388.9,3650.4,6406.9,6436.2,5760.8,4433.2,3791.7,5614.7,5345.5,7455.5,7016,7834.3,6159.3,5919.5,8973.7,5782,9840.9,7514.7,8620.1,4744.8,6396.9,5787.4,6083.5,4837.9,6015.6,6161.7,4165.2,4659.3,6792.7,8978.6,4320.5,3289.2,8831.9,6826.6,6569.4,5771.7,5105.2,5218.1,5080.2,6577.8,4282.4,4422.6,5770.1,8636.3,5885.4,4607.8,6839.1,4006.8,5347.6,4120.2,5775.8,4968.7,6401.6,4016.3,5316.7,7321.1,4360.3,6500.1,6997.5,7003,5664,9183.4,3922.7,3657.4,6322.4,5994.3,12187,6567.9,6962.3,7453.4,4743.1,6465.5,4973.4,6698.3,5683.4,3590.5,8298.7,3497,3921.5,4573.7,4513.4,4874.7,6594.9,6199.4,6123.6,4445.3,7855.7,4835.1,3851.4,5243.6,3564.8,8552.9,6794.1,8025.7,4488.2,4570.2,7494.4,6644,8720.9,4272.6,6481.1,5947.7,6068.6,4493.8,6222.7,5894.4,6182.4,3806.9,4700.4,6027.7,4019.9,8435.4,8447.2,4590.5,3559,4580.1,4909.4,8788.3,5522.9,6098.1,6526,5537,6689.2,5397.4,8772.6,4369.9,6654.2,4027.8,4613.6,3815.8,4872.4,3833.4,5773,4644,7954.9,4781,3232,8988.3,5694.4,5125.6,5636.2,4663,4.4851,7950.5,5858.8,3931.1,4420.1,5390.4,9138.4,3094,3791.7,5023.6,3397.6,3983.7,4977.3
69.662,7.7289,76.439,74.541,68.506,81.681,66.963,79.933,99.604,76.786,63.008,86.621,62.442,74.577,67.347,89.345,91.384,86.484,63.754,8.583,60.702,92.279,64.886,71.793,61.629,90.796,68.971,79.768,87.922,94.308,79.991,75.3,78.085,77.145,95.978,93.804,92.127,77.445,61.246,93.499,70.847,64.568,56.495,95.542,68.397,95.473,76.09,70.97,77.852,70.659,70.743,80.404,71.633,83.659,81.435,83.162,95.596,58.894,80.828,90.622,90.121,61.623,92.317,83.146,77.037,79.777,67.222,68.83,87.664,69.233,69.541,77.992,83.527,70.66,63.676,91.881,70.345,81.81,89.43,74.454,82.519,69.449,79.634,63.565,67.539,78.17,86.565,88.126,68.837,59.867,87.134,64.271,96.317,57.253,70.671,65.221,85.916,83.361,85.214,77.931,61.293,58.018,80.576,63.279,78.201,73.336,67.98,74.942,88.315,77.074,68.808,61.108,80.52,75.753,73.306,77.125,74.877,74.204,77.799,76.848,95.893,85.233,68.389,66.249,60.418,80.043,80.226,75.9,66.582,61.577,74.931,73.113,86.346,83.762,88.511,78.482,76.938,94.73,76.04,99.201,86.687,92.844,68.883,79.981,76.075,77.996,69.555,77.561,78.496,64.538,68.259,82.418,94.756,65.73,57.352,93.978,82.623,81.052,75.972,71.451,72.236,71.275,81.104,65.44,66.502,75.961,92.932,76.717,67.881,82.699,63.3,73.127,64.189,75.999,70.489,80.01,63.374,72.915,85.563,66.032,80.623,83.651,83.684,75.259,95.83,62.631,60.476,79.513,77.423,110.4,81.042,83.44,86.333,68.87,80.408,70.523,81.843,75.388,59.921,91.097,59.136,62.622,67.629,67.181,69.819,81.209,78.736,78.253,66.673,88.632,69.535,62.06,72.413,59.706,92.482,82.426,89.586,66.994,67.603,86.57,81.511,93.386,65.365,80.506,77.122,77.901,67.035,78.884,76.775,78.628,61.7,68.56,77.638,63.402,91.844,91.908,67.753,59.658,67.677,70.067,93.746,74.317,78.09,80.783,74.411,81.787,73.467,93.662,66.105,81.573,63.465,67.924,61.772,69.802,61.915,75.98,68.147,89.19,69.145,56.851,94.807,75.461,71.593,75.075,68.286,2.1178,89.166,76.543,62.699,66.484,73.419,95.595,55.624,61.577,70.877,58.289,63.117,70.55
1093,2.2204e-18,1352,1145,1344,1145,828,1370,669,629,833,1474,853,269,664,593,346,585,675,2.2204e-18,847,415,674,1099,684,419,653,1154,341,450,1146,883,883,610,416,409,1472,623,846,367,879,1336,827,417,1328,416,1114,1302,628,674,1084,325,1340,1345,594,276,444,836,1141,347,1317,1321,383,282,887,329,860,1103,1389,662,1077,918,611,1101,854,320,1100,1424,1331,1352,1355,1349,1379,682,672,1141,306,403,857,867,323,839,1331,1303,1337,852,588,310,1400,1325,858,844,1381,687,280,647,1100,1100,1392,630,853,847,593,270,1111,337,1124,282,1125,1102,372,598,1093,700,690,1146,1380,1339,1108,838,1111,1099,322,308,339,1363,1109,381,899,407,1371,401,879,1411,1399,621,1109,1108,1113,1284,854,592,421,1102,704,331,309,302,1387,1100,1102,1082,290,848,848,1327,405,1169,886,907,672,675,855,1099,1116,284,845,1121,614,856,289,313,308,624,413,862,831,626,1120,1449,321,294,1369,1327,309,1100,599,1113,693,332,853,687,1069,681,1327,591,1143,308,679,319,1076,688,636,845,431,345,350,743,853,336,1165,372,839,609,1360,880,1069,900,1101,289,676,1361,897,848,333,445,1319,691,1363,1095,410,311,642,292,1357,312,1088,459,1342,604,851,1075,861,1074,848,1128,1081,613,1070,855,1366,1088,1325,1117,1352,2.2204e-18,327,1351,690,676,1126,395,843,864,646,849,864,1098
0.03315,23.836,4.3883,0.13519,1.9678,0.040969,-0.07969,2.8551,-0.12944,-0.25298,0.16492,1.1359,0.32657,0.35237,-0.36646,-0.06415,-0.21348,-0.0013996,-0.33142,21.935,0.32129,-0.4157,-0.4397,0.0070675,-0.361,-0.48161,-0.34733,0.12714,-0.14096,-0.5416,0.12101,-0.11705,-0.15093,-0.22398,-0.36389,-0.38396,1.6506,-0.22136,0.30855,-0.24716,-0.13206,0.73086,0.25267,-0.38486,2.3706,-0.4013,0.023307,3.9328,-0.14418,-0.43018,-0.00099297,0.050551,1.9587,4.984,-0.082178,0.29386,-0.48011,0.30974,0.14384,-0.15452,5.1242,0.65542,-0.29937,0.19747,-0.047345,0.061695,0.27624,-0.054956,2.1023,-0.40538,0.067843,-0.21852,-0.16632,-0.012049,0.24219,-0.071369,-0.056135,0.97169,3.954,1.6666,3.127,1.5307,4.2735,-0.3461,-0.41866,-0.012162,0.094387,-0.35647,-0.082027,0.30957,0.0051826,0.12838,6.1296,0.9555,0.47541,0.17338,-0.080241,0.060495,1.4914,-0.029741,0.21046,0.2802,1.4427,-0.47196,0.24777,-0.31206,-0.019095,-0.016896,2.3993,-0.22841,-0.1169,0.26913,-0.099745,0.50238,0.043671,0.0046288,-0.018825,0.38549,0.041251,0.028355,-0.25475,-0.096409,-0.034376,-0.52467,-0.32463,0.12668,3.0629,2.965,-0.052728,0.059619,0.079768,-0.024556,-0.063657,0.091324,-0.14752,2.341,0.091386,-0.2601,-0.1828,-0.36501,5.1044,-0.36068,-0.13396,1.4517,1.7716,-0.12417,-0.017478,0.032109,0.13017,2.6345,0.11622,-0.043802,-0.41261,-0.05948,-0.42501,-0.11735,0.067974,0.19404,0.93828,0.087681,0.035884,0.033429,0.18585,0.18136,0.21778,4.9581,-0.35659,0.11352,-0.16869,-0.08171,-0.39426,-0.41602,0.33109,0.061991,-0.016084,0.12576,0.15427,0.11099,-0.094186,0.079526,0.21346,0.13086,0.052127,-0.24618,-0.38361,0.23929,0.27085,-0.15474,0.09137,4.5338,0.014413,0.12803,5.7283,1.9057,0.11582,-0.0018282,-0.077315,0.09174,-0.37814,-0.092847,0.2563,-0.36085,0.035953,-0.41248,1.9296,-0.15733,0.088222,0.21095,-0.40585,0.039198,-0.033962,-0.34216,-0.2412,0.21417,-0.45413,-0.07671,-0.2069,0.21304,0.032727,-0.09833,0.1784,-0.2282,0.10996,-0.16178,4.5681,-0.093547,-0.020075,-0.028206,0.046274,0.26622,-0.36896,0.76847,-0.08638,-0.11848,-0.024577,-0.54084,1.8485,-0.38501,1.3976,0.00024938,-0.45034,0.22786,-0.12818,0.17415,1.8687,0.07705,0.013791,-0.55412,0.81811,-0.065963,0.19349,-0.057589,0.28403,0.0062039,0.30618,0.10581,0.079349,-0.028596,-0.019277,0.29589,3.802,0.062543,2.454,-0.03122,1.074,69.23,-0.015164,6.345,-0.41142,-0.40145,-0.013,-0.31107,0.19105,0.28806,-0.27563,0.31032,0.32859,-0.03235
1.7812,575.06,83.929,1.798,28.089,1.7664,1.9008,41.799,1.7816,1.8495,1.8939,16.751,1.9375,1.9753,1.9688,1.7926,1.7887,1.791,1.9616,486.57,1.9239,2.0494,2.039,1.7501,1.9991,2.125,1.9126,1.7737,1.7942,2.2147,1.7837,1.8739,1.894,1.8368,1.9875,1.9967,19.255,1.8323,1.9255,1.8307,1.9131,11.231,1.9066,2.0122,35.702,2.0091,1.7632,61.426,1.8057,2.0397,1.754,1.8337,24.305,72.979,1.7927,1.8068,2.1299,1.9517,1.785,1.82,85.275,9.51,1.9437,1.7884,1.9034,1.867,1.9081,1.7726,20.821,2.012,1.8243,1.8537,1.8089,1.7587,1.9158,1.6771,1.7552,11.286,45.282,23.673,40.814,22.374,74.077,1.998,2.05,1.7695,1.7458,2.0318,1.9153,1.9161,1.7964,1.9154,94.629,15.047,5.5331,1.8973,1.8115,1.7615,13.627,2.4798,1.8974,1.9171,16.915,2.1172,1.805,1.9062,1.7912,1.7865,31.899,1.8468,1.9145,1.9021,1.7937,2.1318,1.779,1.9162,1.7638,2.1015,1.749,1.7585,1.8271,1.8235,1.7662,2.1698,2.0111,1.7829,57.169,41.77,1.7925,1.86,1.7502,1.7386,1.7638,1.8153,1.8354,29.077,1.763,1.8727,1.8999,1.9069,85.26,1.9801,1.9036,19.452,26.132,1.7977,1.7917,1.7466,1.766,39.503,1.9112,1.7909,2.044,1.7898,2.2157,1.6675,1.8327,1.8759,10.337,1.7764,1.7571,1.7557,1.827,1.8991,1.9381,73.685,1.9871,1.7884,1.9625,1.9078,2.0127,2.0229,1.9596,1.7525,1.7887,1.7383,1.8762,1.7821,1.7856,1.8932,1.8339,1.8446,1.7675,1.8498,1.9929,1.9052,1.9168,1.8217,1.7587,61.53,1.8309,1.7838,111.27,27.342,1.8361,1.7964,1.7934,1.7574,2.0533,1.7654,1.8841,2.0261,1.7612,2.0373,32.847,1.8084,1.7608,1.9681,2.0327,1.7631,1.7588,2.0157,1.852,1.8963,2.1206,1.8663,1.8103,2.0328,1.8941,1.7654,1.8255,1.8761,1.8627,1.8111,90.199,1.9293,1.7652,1.8567,1.7458,1.8652,2.0448,13.951,1.8753,1.9276,1.7501,2.2245,27.635,2.0723,22.846,1.828,2.045,1.9714,1.803,1.791,25.762,1.8079,1.7351,2.2504,10.994,1.7928,1.8964,1.7678,1.9174,1.7571,1.9439,1.7855,1.7603,1.7612,1.7606,1.9042,40.925,1.7469,37.863,1.7711,16.242,4805.1,1.7724,135.18,2.0467,2.0341,1.783,1.9166,1.8944,1.9056,1.8847,1.9222,1.9254,1.7706
859.7,1101.1,357.68,331.24,393.55,322.96,277.84,860.09,980.39,1121.5,1079.8,860.9,407.44,1364.8,1120.7,272.01,1256.6,284.72,857.63,1075.2,411.39,1333.8,385.48,335.14,1116.5,1077.2,363.88,299.74,829.41,1314.6,1437.7,598.35,1435.5,839.79,1099.1,1104.2,602.04,1106.1,1345.2,1346.4,1117,867.93,1265.2,864.2,396.74,858.94,370.98,436.22,336.82,360.93,338.49,887.83,646.52,1100.3,299.5,1136.5,1343,1081.2,298.97,1110.9,304.47,1091.8,845.28,1131.9,1463.8,1312.2,661.89,860.91,891.76,1103.3,845.34,1422.5,1087.6,654.09,657.34,829.92,398.3,877.37,852.23,280.33,623.33,378.45,639.33,866.15,372.78,1406.2,612.87,853.13,1096.5,425.29,856.86,1334.5,855.03,1085.1,836.34,1346.3,1130.1,600.74,295.89,425.1,1343.2,403.03,858.54,856.73,1382.8,1343.4,685.15,841.98,890.44,1114.6,1087.4,1095,852.16,911.06,1369.4,1140.1,364.04,936.08,344.83,317.3,1331.3,1126.8,856.4,870.84,1119.4,596.44,600.78,865.77,694.35,1063.2,636.08,641.66,1106.4,1355.4,621.09,608.74,863.37,660.71,1143.5,676.32,638.89,843.88,1108.2,605.37,297.06,869.31,686.06,850.93,584.36,1062.9,318.45,869.22,1111,404.32,434.28,1308.1,1447.7,890.33,862.81,324.08,1351.9,844.59,901.88,337.1,1116.3,850.24,666.44,922.82,613.1,292.98,397.33,1132.1,1125.6,849.43,438.97,1304.9,639.16,339.2,889.21,349.89,599.12,626.77,1093.2,324.36,679.07,669.84,1078,325.41,871.34,603.53,1128.9,1328.9,404.72,1089.7,891.43,672,1112.2,315.91,1336,625.52,406.73,414.75,606.16,865.69,656.27,282.48,890.19,1166.2,1361,627.23,648.86,419.86,849.98,657.83,1082.7,623.13,1090.8,1313.4,1366.7,851.76,610.91,858.36,622.11,1118.2,1096.8,580.76,373.18,1467.3,848.22,1436.7,1327.9,354.62,1160.2,311.54,637.89,1359.6,641.81,425.98,395.09,660.49,658.34,610.12,888.97,592.43,1090.1,1077.5,842.06,1355.5,847.27,1111.4,1343.6,636.98,1354.7,1313.4,1107.7,595.26,861.03,1462.4,636.76,430.67,874.22,276.26,378.49,349.28,681.02,596.72,628.15,869.26,1095.7,862.3,873.39,861.18,1061.4,417.78,1344.6,1313.9,1376.4,852.37
3356.5,5222.9,8734,6269.5,9042.6,7856.9,6853.6,4346.3,9503.4,6418,5128.9,5355.2,8914.7,7028,6386.7,6131.8,6278.6,6629.7,3746.6,4474.8,8636.1,4345.7,8524.8,7951.6,5354.6,5015.6,8138.5,6191.7,3975.3,4737.6,7175.7,6974.8,7151,4586.8,4454,5242,7632.5,5842.7,4544.3,5732.8,5687.7,3508.6,3855.3,3849.7,8982.8,3566.5,8838.9,8345,7145.6,9105.3,6929.5,5480.3,5170.4,5327.2,6166.5,6593.1,4438.6,4843.6,6561.6,5550.3,7191.2,4559.9,3599.7,6469.9,7704.4,6352.1,4767.3,3636,5353.8,5306.7,3483,9973.1,4627.8,5101,4892.1,4448.2,8617.5,6006,4829.2,5877,5858.7,8903.4,5367.9,3845.9,8883.4,6318.3,6335.4,3893.6,5640.2,8914.8,4347.1,6215.1,4605.1,4196.8,4635.1,5809.7,6497.6,6149.3,6503.2,11072,5273.4,8690.9,5732.6,3622.6,7486.7,6287.8,3365.9,4794.9,5267.5,5818.7,5703.3,4630.1,5189.1,5846.8,5312.5,6037.3,9686,6952.7,8179.2,7116,6810.2,6019.5,3546.7,3684.3,5159.3,7629.6,6688.6,3836.8,3244.8,4542.1,5803,5072.5,5737.8,5258.5,6210.1,6496,4940.9,4496.8,5962.3,3978.2,4743.4,3551.8,5034.5,6605.1,7090.1,5146,3535.5,4733.4,7128.3,4090.6,8348.5,5693.6,5027.7,7829.3,9273.3,5303.6,12295,5147.6,5705.9,6884,6606.4,4501.2,6127.7,8684.4,6108.5,3994.1,4159.4,5814.6,6676.7,6310.1,8474.4,5607.7,5735.7,5118.7,8621,6565.6,5378.9,7089.9,5203.8,8372.2,7223,6934.8,5603.9,8242.5,4246.2,4324.3,5009.1,6453.8,5134.2,7400.3,6271.9,9454.3,8330.8,4905.5,5739.9,3913,5457.4,6454.9,6851.6,5960.2,9008.5,8412.5,5534.5,4065.4,3812.1,6555,5887.2,5920.5,6379,6510.1,3999.2,8799.9,4143.4,4359.2,4116.4,6513.4,5336.4,6100.7,9358.3,3922.3,7440.4,3676.7,5480.9,6015.6,5361.7,6983.8,8814.1,7357.9,5068.3,9240.5,4949.2,8015.7,6930.3,7259.8,5661,4625.1,4650.1,8640.6,9161.9,4178.7,3754.3,7123.7,4458.9,6430.4,5873.1,5296.8,4271.4,6257.4,3719.7,5400.6,6889.6,4314.6,3878,4257.8,5347.2,7039.8,3839.6,7508.7,4441.7,8851.3,5446.7,6736.2,8578.3,9148.9,4009.6,6257.5,5791.8,3752,4707,4130.7,3995.9,4025.7,3828.3,8997,4290.7,5087.9,6158.2,3724.8
57.935,72.27,93.456,79.18,95.093,88.639,82.786,65.926,97.486,80.112,71.616,73.179,94.418,83.833,79.917,78.306,79.238,81.423,61.209,66.894,92.931,65.922,92.33,89.172,73.175,70.821,90.214,78.687,63.05,68.83,84.71,83.515,84.564,67.726,66.738,72.401,87.364,76.438,67.411,75.715,75.417,59.233,62.091,62.046,94.777,59.72,94.016,91.351,84.532,95.422,83.244,74.029,71.905,72.988,78.527,81.198,66.623,69.596,81.004,74.5,84.801,67.527,59.997,80.436,87.775,79.7,69.046,60.299,73.169,72.847,59.017,99.865,68.028,71.421,69.944,66.695,92.83,77.498,69.492,76.661,76.542,94.358,73.266,62.016,94.252,79.488,79.595,62.398,75.101,94.418,65.933,78.836,67.861,64.783,68.081,76.221,80.608,78.417,80.642,105.22,72.618,93.225,75.714,60.188,86.526,79.296,58.016,69.245,72.578,76.28,75.521,68.045,72.035,76.465,72.887,77.7,98.417,83.383,90.439,84.356,82.524,77.585,59.555,60.698,71.828,87.348,81.784,61.942,56.963,67.395,76.177,71.221,75.748,72.515,78.805,80.597,70.291,67.058,77.216,63.073,68.872,59.597,70.954,81.271,84.203,71.736,59.46,68.8,84.43,63.958,91.37,75.456,70.906,88.483,96.298,72.826,110.88,71.747,75.537,82.97,81.28,67.091,78.28,93.19,78.157,63.199,64.494,76.253,81.711,79.436,92.057,74.885,75.735,71.545,92.849,81.028,73.341,84.202,72.137,91.5,84.988,83.276,74.859,90.788,65.163,65.76,70.775,80.336,71.653,86.025,79.195,97.233,91.273,70.039,75.762,62.554,73.874,80.343,82.775,77.203,94.913,91.72,74.394,63.76,61.742,80.963,76.728,76.945,79.869,80.685,63.239,93.808,64.369,66.024,64.159,80.706,73.051,78.107,96.738,62.628,86.258,60.636,74.033,77.56,73.224,83.569,93.884,85.778,71.192,96.127,70.35,89.531,83.249,85.204,75.24,68.008,68.192,92.955,95.718,64.643,61.272,84.402,66.775,80.19,76.636,72.779,65.356,79.104,60.99,73.489,83.004,65.686,62.274,65.252,73.125,83.903,61.964,86.653,66.646,94.082,73.802,82.074,92.619,95.65,63.321,79.104,76.104,61.253,68.607,64.271,63.213,63.449,61.873,94.853,65.503,71.33,78.474,61.031
853,1099,366,325,407,328,268,857,971,1122,1080,855,425,1362,1120,254,1247,274,851,1075,428,1334,397,339,1118,1078,373,290,825,1314,1435,601,1437,838,1100,1105,603,1105,1347,1347,1114,862,1263,855,411,852,382,455,338,369,343,892,658,1102,291,1130,1345,1081,289,1110,300,1092,840,1127,1466,1306,672,853,899,1104,840,1412,1083,666,668,825,413,882,854,265,633,391,650,860,384,1409,620,847,1093,441,857,1335,856,1087,836,1346,1126,605,287,438,1343,418,862,848,1377,1342,693,840,897,1114,1081,1098,853,917,1370,1137,374,945,350,317,1331,1122,851,862,1121,597,607,858,701,1062,644,653,1106,1352,626,612,865,673,1140,688,650,837,1106,608,291,868,694,849,586,1063,321,871,1112,416,453,1308,1438,893,865,324,1348,844,909,342,1116,846,676,928,616,279,413,1132,1126,850,457,1302,652,343,893,361,600,633,1091,330,691,678,1078,317,872,602,1126,1320,418,1090,894,682,1111,314,1332,633,423,430,611,858,665,270,896,1163,1360,635,658,438,848,668,1084,625,1092,1319,1359,854,610,855,633,1117,1096,577,386,1464,849,1432,1326,362,1155,311,649,1362,653,444,409,671,668,610,892,595,1090,1076,838,1353,838,1107,1342,645,1359,1315,1108,595,861,1462,647,448,879,262,390,355,691,600,638,863,1095,855,866,853,1063,435,1348,1314,1377,845
0.30301,0.071853,-0.21043,0.12311,-0.36675,-0.097289,0.21782,0.13185,0.24989,0.0061429,0.0082727,0.21841,-0.47171,2.834,0.026615,0.43226,3.2045,0.24087,0.26522,0.010747,-0.48276,0.80188,-0.32748,-0.089409,-0.051428,-0.022247,-0.26004,0.23281,0.16138,5.0041,0.70945,-0.071355,1.5999,0.050682,-0.023156,-0.01368,-0.044272,0.048811,0.64672,4.2709,0.10508,0.26029,1.7918,0.37247,-0.37996,0.29291,-0.27735,-0.57901,-0.04613,-0.18925,-0.14937,-0.12828,-0.37208,-0.033631,0.17734,0.15463,1.5221,0.0022584,0.21143,0.04334,0.097528,-0.023482,0.21684,0.13802,1.4766,2.0226,-0.38583,0.30062,-0.2513,-0.025159,0.24059,4.1518,0.15213,-0.41369,-0.38153,0.17673,-0.38691,-0.13799,-0.047179,0.36606,-0.27887,-0.28893,-0.34333,0.2564,-0.29276,3.2355,-0.21636,0.23392,0.099465,-0.4711,0.014042,5.5154,-0.051874,-0.066927,-0.0033873,3.7803,0.11373,-0.12042,0.19549,-0.32067,2.09,-0.42137,-0.099708,0.34608,1.846,6.1136,-0.35236,0.0776,-0.21255,0.022111,0.17501,-0.088797,-0.020216,-0.19416,0.81674,0.081646,-0.20639,-0.24601,-0.11572,-0.0032197,5.4106,0.14582,0.23678,0.34562,-0.026763,-0.024989,-0.18031,0.29438,-0.35324,0.037525,-0.2298,-0.37291,0.0057992,0.45159,-0.1359,-0.11204,-0.062501,-0.46223,0.10856,-0.50361,-0.39754,0.29807,0.082529,-0.064963,0.13449,0.054749,-0.41143,0.089969,-0.061128,0.0093813,-0.027206,-0.078285,-0.036257,-0.41457,-0.53882,2.6128,4.5952,-0.118,-0.084491,-0.015937,2.8228,0.002333,-0.20878,-0.11039,0.015177,0.15675,-0.38885,-0.19139,-0.07052,0.28823,-0.45589,0.00072695,-0.019594,-0.032713,-0.56681,2.9757,-0.42933,-0.14617,-0.14188,-0.25977,-0.040317,-0.17588,0.0644,-0.1006,-0.45386,-0.31468,-0.0016486,0.15877,-0.041292,0.033037,0.087819,6.5358,-0.41203,-0.0088409,-0.10608,-0.42039,0.038768,0.022002,6.2989,-0.23886,-0.4362,-0.46435,-0.15372,0.30805,-0.37428,0.27622,-0.16488,0.094529,4.3128,-0.21995,-0.35801,-0.51742,0.087264,-0.38253,-0.055865,-0.045971,-0.033838,0.044227,4.5985,-0.1134,0.012455,0.12508,-0.3412,0.032852,0.036941,0.069245,-0.31178,0.81481,-0.018895,2.9313,3.424,-0.21725,0.14486,0.014758,-0.34268,1.1181,-0.39384,-0.52385,-0.36285,-0.44112,-0.41303,0.0050218,-0.11307,-0.09731,0.0042594,0.05068,0.14641,5.6971,0.37613,0.12943,4.6262,-0.30736,0.65591,1.1375,-0.0072716,-0.0084533,-0.0010151,1.9102,-0.3664,-0.52321,-0.18645,0.28814,-0.29447,-0.13818,-0.43714,-0.10836,-0.29112,0.26787,0.010277,0.28047,0.27589,0.30268,-0.034774,-0.48187,1.5389,4.4038,4.3267,0.28973
1.9325,1.8196,1.8787,1.8841,1.973,1.7768,1.7047,1.9191,1.9575,1.7443,1.7656,1.9665,2.0933,35.724,1.7631,1.9763,37.184,1.7746,1.9061,1.7991,2.1348,10.096,1.953,1.7898,1.7874,1.7634,1.9067,1.8564,1.9179,90.367,7.1897,1.8193,20.596,1.8698,1.7939,1.7839,1.7847,1.7638,10.493,79.508,1.7662,1.9144,28.215,1.9615,1.9985,1.9232,1.8906,2.2835,1.8147,1.8306,1.8569,1.8632,1.9461,1.7502,1.8652,1.7713,20.49,1.7708,1.7977,1.7625,1.7416,1.765,1.8968,1.7672,17.019,19.829,2.0191,1.8975,1.955,1.7783,1.9152,58.857,1.8138,2.0003,1.9791,1.9151,1.9775,1.8553,1.8493,1.9298,1.8561,1.8697,1.9362,1.8823,1.9143,55.581,1.8297,1.8795,1.7595,2.1375,1.8695,109.05,1.8971,1.7823,1.864,52.728,1.764,1.8006,1.8136,1.9352,29.87,2.0509,1.8579,1.9697,20.938,111.84,2.0498,1.8876,1.9189,1.7417,1.7978,1.7759,1.884,1.9419,13.958,1.791,1.7957,1.9295,1.8055,1.7618,93.553,1.7993,1.9016,1.9717,1.7942,1.791,1.805,1.917,2.0926,1.744,1.8446,1.9665,1.7552,3.8171,1.7854,1.7971,1.9067,2.0825,1.7748,2.1888,2.0065,1.93,1.7653,1.7854,1.7523,1.9032,2.1343,1.9132,1.8002,1.7673,1.7248,1.8813,1.761,2.167,2.1828,31.15,57.758,1.9368,1.8535,1.7726,36.689,1.8705,1.8874,1.7726,1.7488,1.8825,2.0395,1.9305,1.7709,1.8343,2.1088,1.7974,1.7835,1.883,2.2766,34.228,2.0331,1.8956,1.9172,1.8438,1.7935,1.8043,1.7512,1.728,2.0748,1.9431,1.767,1.8689,1.8791,1.8098,1.7714,110.52,2.0764,1.7611,1.9024,2.0856,1.7493,1.8039,100.52,1.8568,2.0338,2.1361,1.8091,1.9384,2.0146,1.803,1.903,1.7817,67.464,1.8373,1.9669,2.1624,1.8763,1.9891,1.7719,1.7676,1.764,2.4548,75.778,1.9125,1.8071,1.8719,1.9386,1.7669,1.8073,1.8243,1.9025,9.9806,1.8935,30.296,60.987,1.8874,1.7863,1.7508,1.9303,16.794,1.988,2.1868,1.9679,2.1147,2.0824,1.7999,1.8836,1.8122,1.7629,1.7501,1.8676,113.7,1.9811,1.7949,58.863,1.9315,11.499,17.842,1.8034,1.8,1.8839,27.53,1.963,2.1881,1.9161,1.7425,1.9213,1.8062,2.0998,1.8121,1.8824,1.9097,1.767,1.9053,1.9247,1.9298,1.7717,2.1108,30.132,76.85,68.868,1.927
426.82,1359.7,1104.1,909.75,857.66,875.44,1306.4,635.48,300.38,323.17,337.06,316.86,1113.8,580.88,377.14,1434.1,615.73,1139.2,1098.8,846.24,672.8,665.98,847.12,856.97,419.08,659.3,1291.1,598.11,616.71,1099.7,891.63,1133.7,580.56,1086.5,683.15,854.87,1172.3,852.81,385.02,842.5,604.77,406.43,420.79,1117.8,849.67,1097.4,658.36,860.66,872.1,865.07,844.37,1134.7,1096.6,632.14,1111.5,604.24,695.69,1318.9,887.4,633.25,599.86,664.13,1300.9,876.54,289.42,1073.1,1135.7,1331,283.4,359.07,1328.8,326.85,294.62,859.75,1112.1,1362.4,854.41,1132.8,316.4,1095.6,850.97,850.5,854.9,1108,858.35,368.47,1106.9,1095,303.15,1114.2,1332.4,320.16,316.38,855.81,1077.7,640.01,274.54,853.6,592.13,739.26,389.19,1310.6,578.97,1104,581.93,1104.8,862.94,299.9,605.73,859.69,589.3,665.23,1108.1,1448.8,660.27,612.29,865.64,606.86,640.1,845.14,652.63,877.34,1322.5,389.27,869.45,291.39,857.12,1112.6,1330.2,625.18,343.98,347.38,850.09,610.58,1380.6,317.22,308.85,852.83,601.79,857.41,840.6,1313.9,332.17,318.28,1125.4,1135.8,866.39,319.13,1398.5,452.35,1117.2,301.2,865.02,868.23,1108.9,615.87,607.52,1137.9,314.77,602.25,861.58,604.15,599.99,1106.1,636.23,1090,1106.6,623.26,1378.1,1513.2,848.93,355.18,1382.5,291.36,693.36,571.06,1089.1,1387.1,303.17,1104.6,884.99,1158.6,600.84,844.61,866.9,1359.1,373.41,1118.6,608.92,905.03,870.65,598.81,858.14,655.95,1435.1,402,302.69,871.61,866.09,863.52,675.37,869.69,843.68,1122.8,397.57,1091.3,301.07,621.99,1113.3,1375,389.05,1123.3,1088.7,1082.2,680.76,892.46,840.93,1999,329.4,1066.7,312.87,654.42,1335,304.29,660.63,1148.6,654.45,333.13,587.93,893.15,854.59,637.8,317.47,602.34,858.5,863.44,358.05,1323.8,1116.9,377.51,1080.5,1448.4,350.94,1089,355.06,603.95,319.91,1121.2,401.15,312.34,343.67,372.75,678.06,658.12,667.9,883.26,637.04,304.11,363.05,1088.2,586.14,842.72,661.06,658.14,403.88,1355.2,1092.2,395.96,862.71,384.27,402.84,668.47,396.93,682.94,852.18,406.43,684.39,1335.2
8615.4,5691.7,5165.9,5440.1,3840.7,5344.8,5467,5584.6,8890,8214.4,8769,8212.2,5418.9,6753,8528.7,8172.8,5087,6223.6,4842.3,3196.6,3685.4,4045.7,3457.3,4256.7,7891.2,3581.2,4439.2,7598.1,5065.6,4258.7,6243.9,6196.3,7288.5,5279.5,3896.8,3792.4,7318,4564.9,9380.4,4074.1,6956.9,9160.5,7247.2,5255.9,3445,4573,4758.8,3224.7,4377.1,4123.6,4355.4,5796,5161.9,5628.6,5823.5,7339.9,3641.8,4316.1,5882.6,5798.5,6092.3,4264.7,5677,5407.3,6267.6,4252.7,6087.5,4367.5,5475,8864.3,5835.6,5770.5,7025,3913.7,5368.3,5878.6,3720.6,6365,6485.3,5322.6,4346.9,3913.8,4460.3,4759.4,3978.1,9697.2,5846.8,4691.5,6694.1,4918.3,5805.4,8566.1,6771,3387.7,5428.6,5176.4,5757.9,4529.3,6774.2,6349.4,8733.4,4197,6783.6,5314.2,7024.6,5150.9,3505.8,7411.3,7011.1,4696.5,6314.3,4054.4,5948.7,8381,4767.5,6228.9,4131.9,8679,5829.8,4814.8,4836.8,5582.7,4311.1,9786.7,3893.4,6717.6,5026.3,4889.2,3947.4,4609.2,8233.8,8888.7,4798,6734,6957.6,6342.7,6924.6,4018.8,7052.9,3443.8,4228.6,5089.9,5923.7,6411.6,6153.5,6442.8,3654.4,7947.4,7001.8,7326.8,6347.9,6305.6,3803.4,3673,4490.1,5061.8,7253.1,6151.9,6500.9,6180.4,4686.1,5495.7,7715.4,5586.8,5517.4,4871.2,5229.7,7906.1,5826.9,8884.7,3611,9084.1,6016.3,6416.3,3538.5,5938.9,4887.3,6437.5,6126.8,5468.1,5695.4,6684,6058.3,4287.6,3944.7,5216.1,9289.8,5429.9,6675.8,6215.2,5486.6,6396.9,3820.7,4638.8,8793.8,8728.4,6145.4,5424.7,3664.5,4661.6,3770.9,4008.7,4206.1,5385.2,7815.5,5819.2,6386.4,7640.3,5192.2,10367,7860,5343,4972.5,4449.6,3603.4,5226.4,4261,93673,7357.9,4529.3,5925.4,4991.5,4921.2,6939.3,3959.4,7022.8,4160.5,6743.9,6334.8,6110.7,3795.5,5511.1,6492,5981.8,4250.4,3842.4,8678.1,4243.6,5250.6,8910.1,4647.8,12445,8140.7,5059.1,8015.8,5636.3,8728.4,4971.9,8813.2,7011.4,9030.2,7028.7,4342.7,3779,4077.9,5648.3,5225.4,6556.9,8247.5,4050.3,7407.1,5100.5,4361.1,4975.3,9127.6,7765.4,5053.5,9241.9,3479.2,8948.4,8727.4,4354.4,8663.5,3868.9,4199.4,8882.6,3681,5815.7
92.819,75.443,71.874,73.757,61.973,73.108,73.939,74.73,94.287,90.633,93.643,90.621,73.613,82.176,92.351,90.404,71.324,78.89,69.586,56.539,60.708,63.606,58.799,65.243,88.832,59.843,66.627,87.167,71.173,65.258,79.018,78.716,85.372,72.66,62.424,61.583,85.545,67.564,96.853,63.828,83.408,95.711,85.13,72.497,58.694,67.624,68.984,56.787,66.16,64.215,65.995,76.131,71.846,75.024,76.312,85.673,60.347,65.697,76.698,76.148,78.053,65.304,75.346,73.534,79.168,65.213,78.023,66.087,73.993,94.151,76.391,75.964,83.815,62.56,73.269,76.672,60.997,79.781,80.531,72.956,65.931,62.561,66.786,68.989,63.072,98.474,76.464,68.495,81.817,70.13,76.193,92.553,82.286,58.204,73.679,71.947,75.881,67.3,82.305,79.683,93.453,64.784,82.362,72.899,83.813,71.77,59.21,86.089,83.732,68.531,79.462,63.674,77.128,91.548,69.047,78.923,64.28,93.161,76.353,69.389,69.547,74.717,65.659,98.928,62.397,81.961,70.896,69.923,62.828,67.891,90.74,94.28,69.268,82.061,83.412,79.641,83.214,63.394,83.982,58.684,65.028,71.343,76.966,80.072,78.444,80.267,60.452,89.148,83.677,85.597,79.674,79.408,61.672,60.605,67.008,71.147,85.165,78.434,80.628,78.615,68.455,74.133,87.837,74.745,74.279,69.794,72.317,88.916,76.334,94.259,60.091,95.31,77.565,80.102,59.485,77.064,69.909,80.234,78.274,73.946,75.468,81.756,77.835,65.48,62.807,72.223,96.383,73.688,81.706,78.836,74.072,79.981,61.812,68.109,93.775,93.426,78.393,73.652,60.535,68.276,61.407,63.314,64.854,73.384,88.406,76.284,79.915,87.409,72.057,101.82,88.657,73.096,70.516,66.705,60.028,72.294,65.276,306.06,85.778,67.3,76.976,70.651,70.151,83.302,62.923,83.802,64.502,82.121,79.592,78.171,61.607,74.237,80.573,77.342,65.195,61.987,93.156,65.143,72.461,94.393,68.175,111.56,90.226,71.128,89.531,75.076,93.426,70.511,93.879,83.734,95.028,83.838,65.899,61.473,63.858,75.155,72.287,80.975,90.816,63.642,86.065,71.418,66.038,70.536,95.538,88.121,71.088,96.135,58.985,94.596,93.421,65.988,93.078,62.201,64.803,94.247,60.671,76.261
445,1360,1104,916,850,875,1307,645,280,328,345,319,1114,584,390,1433,623,1137,1100,839,681,674,841,855,433,669,1290,597,625,1102,897,1129,579,1086,693,847,1169,851,399,836,609,422,437,1119,842,1099,669,855,874,858,844,1131,1097,643,1109,609,704,1321,891,642,606,674,1300,879,275,1068,1137,1332,265,369,1330,319,284,856,1113,1366,847,1127,313,1092,848,843,849,1110,852,379,1104,1097,299,1114,1328,323,311,849,1075,649,256,856,594,744,403,1313,580,1104,581,1106,855,296,606,857,593,675,1107,1445,670,612,858,604,649,843,665,881,1323,401,861,281,857,1115,1332,630,352,356,849,614,1378,313,305,845,601,851,833,1314,326,315,1124,1135,858,323,1398,470,1115,294,857,864,1110,626,608,1132,314,603,863,608,600,1106,647,1091,1107,624,1378,1514,843,362,1383,282,702,575,1088,1384,289,1104,889,1156,606,843,858,1360,390,1116,613,910,872,605,850,668,1430,418,294,876,858,863,684,862,845,1125,411,1088,292,624,1114,1366,402,1125,1088,1084,690,895,837,1923,332,1063,299,666,1339,296,670,1145,666,333,591,898,847,645,313,608,855,854,369,1324,1118,389,1083,1443,359,1086,366,610,322,1123,418,313,349,380,690,668,678,889,643,294,375,1091,588,845,673,672,418,1349,1092,411,856,398,416,680,412,691,848,421,692,1335
-0.54579,2.7013,0.013696,-0.20447,0.31816,0.029194,2.1589,-0.28828,0.37426,-0.090592,-0.17308,-0.013732,-0.0079946,-0.086461,-0.32614,3.5645,-0.24463,0.067029,-0.044354,0.33012,-0.38455,-0.34055,0.26553,0.080789,-0.49334,-0.42125,2.402,0.026566,-0.28361,-0.086056,-0.14895,0.14017,0.033445,0.0081141,-0.44896,0.32089,0.082433,0.080067,-0.34467,0.25941,-0.12434,-0.41492,-0.578,-0.039706,0.31122,-0.06973,-0.38929,0.24301,-0.092627,0.26372,0.020087,0.10461,-7.6184e-05,-0.34785,0.067282,-0.12916,-0.42228,1.9591,-0.12499,-0.25516,-0.19063,-0.4017,4.8503,-0.10624,0.32835,0.16775,-0.030661,1.4342,0.49398,-0.23768,3.8332,0.17496,0.2285,0.16995,-0.016262,2.6487,0.28799,0.15521,0.06308,0.094648,0.12097,0.30798,0.22877,-0.055538,0.25625,-0.22605,0.086393,-0.07466,0.10159,0.015661,2.3782,-0.04327,0.087376,0.28331,0.075851,-0.28185,0.44609,-0.074997,-0.070457,-0.16728,-0.35741,2.2558,-0.037158,0.013811,0.015277,-0.042917,0.31959,0.10127,-0.027123,0.087638,-0.10325,-0.40799,0.028056,2.2101,-0.32624,-0.0083166,0.28624,0.0668,-0.26532,0.075584,-0.41453,-0.13378,1.031,-0.27245,0.32333,0.22014,-0.0046136,-0.072584,0.88156,-0.17351,-0.18345,-0.1878,0.053078,-0.1101,4.0548,0.10121,0.090763,0.31785,0.020091,0.27782,0.2772,4.4393,0.11835,0.063039,0.049018,0.027655,0.32513,-0.066818,2.0495,-0.68326,0.058529,0.15441,0.31254,0.17626,-0.039508,-0.35664,-0.0049633,0.15844,-0.024297,-0.03144,-0.047119,-0.1269,0.0051079,0.0059442,-0.32308,-0.014815,0.014325,-0.022857,0.53748,1.6987,0.26612,-0.17166,3.2656,0.21285,-0.38865,-0.1207,0.031852,1.1207,0.31966,0.02806,-0.12632,0.085816,-0.16552,0.069558,0.33752,2.0597,-0.36994,0.083819,-0.12324,-0.16202,-0.035763,-0.1746,0.32277,-0.43109,2.7763,-0.43687,0.19979,-0.14435,0.31491,0.030184,-0.4102,0.29164,-0.053697,-0.043442,-0.4159,0.083,0.19847,-0.042406,-0.01742,6.4359,-0.41297,-0.026094,0.025843,-0.055101,-0.43537,-0.083904,0.13636,1.4746,-0.077208,0.12104,0.29784,-0.37478,2.8406,0.17825,-0.39613,0.096037,-0.47015,-0.039141,-0.095273,-0.13674,0.3041,-0.22745,0.10944,-0.18875,0.13404,0.35618,-0.26151,1.2887,-0.029205,-0.32024,-0.074306,4.7802,-0.19586,0.10064,-0.29732,-0.20815,-0.03902,-0.051225,-0.45101,-0.0048269,-0.11936,-0.23985,-0.47248,-0.41862,-0.42176,-0.16763,-0.19981,0.23454,-0.29052,-0.086075,-0.050832,-0.076409,-0.44111,-0.49222,-0.3916,2.5242,0.028468,-0.3659,0.26948,-0.33903,-0.38329,-0.43748,-0.40769,-0.3687,0.17664,-0.4065,-0.34796,4.6923
2.2346,40.864,1.7602,1.9059,1.9268,1.9056,27.383,1.8852,1.833,1.7639,1.7775,1.7006,1.7836,1.8016,1.933,61.26,1.8698,1.7424,1.756,1.9381,2.0632,2.0086,1.9321,1.8903,2.2233,2.056,32.857,1.8012,1.8785,1.7834,1.8469,1.8086,1.7882,1.759,2.1519,1.9443,1.7541,1.9081,1.9106,1.9306,1.8014,2.0298,2.3403,1.7905,1.9172,1.7668,1.9885,1.8815,1.9017,1.9394,1.8799,1.7627,1.7483,1.9206,1.7693,1.8046,2.1372,32.367,1.8937,1.8461,1.8299,2.0701,59.242,1.931,1.9327,1.7894,1.7562,29.108,2.138,1.8541,62.267,1.945,1.7947,1.8982,1.7695,36.411,1.9294,1.7977,1.8232,1.7626,1.9126,1.9323,1.9234,1.7678,1.9181,1.807,1.7675,1.7692,1.8003,1.7996,28.536,1.7004,1.7836,1.889,1.7523,1.8795,2.0232,1.9122,1.8045,1.9553,1.969,32.922,1.7912,1.7702,1.8044,1.7622,1.9149,1.7269,1.8091,1.883,1.8067,2.0619,1.7339,24.435,1.9357,1.7885,1.9238,1.7871,1.8445,1.9059,2.0046,1.878,16.09,1.8569,1.9155,1.8069,1.89,1.779,12.068,1.8183,1.8504,1.7985,1.9036,1.7847,88.433,1.8565,1.7736,1.9467,1.7938,1.9247,1.9284,77.739,1.8649,1.8502,1.7571,1.7426,1.9139,1.7182,26.48,2.5433,1.7541,1.807,1.9143,1.8801,1.7918,1.9569,1.7986,1.7787,1.796,1.7965,1.8923,1.8201,1.7772,1.7706,1.894,1.7663,1.8095,1.7757,5.7066,21.537,1.9149,1.8397,51.91,1.8042,2.0456,1.8133,1.8262,12.303,1.937,1.7495,1.886,1.799,1.8192,1.8797,1.9599,34.692,1.8884,1.7778,1.7925,1.9029,1.8444,1.8116,1.9257,2.0293,34.412,2.0655,1.8602,1.8599,1.9159,1.8487,2.0967,1.9075,1.8719,1.7937,2.0803,1.7468,1.8141,1.7756,1.7955,129.46,2.0772,1.7886,1.782,1.7578,2.1187,1.892,1.9007,5.1429,1.8116,1.7564,1.9014,1.9506,53.577,1.7754,2.0602,1.7526,2.1032,1.8774,1.7947,1.8519,1.9146,1.832,1.8152,1.8244,1.8947,1.9425,1.8453,17.666,1.779,1.9337,1.7682,51.919,1.8384,1.7806,1.9011,1.8403,1.7063,1.7665,2.0554,1.7797,1.7691,1.9343,2.1363,2.0689,2.0654,1.8913,1.8257,1.8647,1.8776,1.7809,1.7959,1.8834,2.0525,2.1178,2.0097,25.27,1.7646,1.9653,1.9054,1.935,2.0288,2.0777,2.0229,2.0455,1.9026,2.0456,2.0585,80.375
20,25,61,84,23,69,83,62,72,52,52,25,19,70,26,83,83,73,22,21,30,30,18,68,24,22,65,80,64,24,87,80,81,72,23,24,70,66,22,34,82,25,23,19,20,25,23,23,71,20,86,81,40,57,76,84,20,18,81,74,80,41,50,88,71,82,35,23,88,54,44,87,80,49,48,44,21,65,78,84,48,22,43,21,31,23,76,39,89,21,69,60,85,23,71,48,75,78,89,51,55,22,73,20,74,48,18,71,78,48,74,26,75,94,49,84,22,90,26,81,55,80,19,20,22,77,75,37,20,72,77,29,69,74,74,64,80,22,90,28,21,20,85,82,71,70,21,78,87,28,46,79,24,54,24,51,80,78,72,93,89,75,89,58,50,58,22,96,73,78,28,45,18,91,20,83,43,78,71,59,83,73,64,69,20,20,28,86,72,90,68,90,22,67,84,48,67,78,21,54,20,22,73,20,27,77,72,86,33,65,31,19,65,50,27,73,50,19,80,80,88,55,54,72,26,80,41,81,77,79,19,71,89,88,68,20,54,23,22,43,21,86,81,80,22,74,55,21,20,63,51,45,46,22,23,80,73,84,58,20,83,67,38,26,26,77,69,24,22,26,23,20,54,25,55,22,23,25
